crsp_fundno,caldt,dnav,dret
043528,20081231,23.2118000,0.015638
043528,20090102,24.7322000,0.065501
043528,20090105,25.4796000,0.030220
043528,20090106,26.1687000,0.027045
043528,20090107,24.2153000,-0.074646
043528,20090108,24.2696000,0.002242
043528,20090109,23.9277000,-0.014088
043528,20090112,22.6222000,-0.054560
043528,20090113,22.7581000,0.006007
043528,20090114,21.5354000,-0.053726
043528,20090115,22.0105000,0.022061
043528,20090116,22.2569000,0.011195
043528,20090120,20.5428000,-0.077014
043528,20090121,21.8637000,0.064300
043528,20090122,21.0239000,-0.038411
043528,20090123,21.3910000,0.017461
043528,20090126,21.4790000,0.004114
043528,20090127,21.7558000,0.012887
043528,20090128,22.9603000,0.055365
043528,20090129,22.0247000,-0.040749
043528,20090130,21.8696000,-0.007042
043528,20090202,21.6836000,-0.008505
043528,20090203,22.1888000,0.023299
043528,20090204,22.6017000,0.018608
043528,20090205,23.2854000,0.030250
043528,20090206,24.6166000,0.057169
043528,20090209,24.5586000,-0.002356
043528,20090210,23.4030000,-0.047055
043528,20090211,23.5891000,0.007952
043528,20090212,23.5484000,-0.001725
043528,20090213,23.7972000,0.010565
043528,20090217,22.0774000,-0.072269
043528,20090218,22.0562000,-0.000960
043528,20090219,22.0044000,-0.002349
043528,20090220,21.3963000,-0.027635
043528,20090223,20.4519000,-0.044138
043528,20090224,21.6748000,0.059794
043528,20090225,21.4823000,-0.008881
043528,20090226,21.4193000,-0.002933
043528,20090227,21.0950000,-0.015141
043528,20090302,19.6250000,-0.069685
043528,20090303,19.9677000,0.017462
043528,20090304,21.4600000,0.074736
043528,20090305,20.6100000,-0.039609
043528,20090306,20.6252000,0.000738
043528,20090309,20.2707000,-0.017188
043528,20090310,21.8130000,0.076085
043528,20090311,21.6650000,-0.006785
043528,20090312,22.4356000,0.035569
043528,20090313,22.6035000,0.007484
043528,20090316,22.5303000,-0.003238
043528,20090317,23.0697000,0.023941
043528,20090318,23.4905000,0.018240
043528,20090319,23.5697000,0.003372
043528,20090320,23.0932000,-0.020217
043528,20090323,25.1102000,0.087342
043528,20090324,24.3255000,-0.031250
043528,20090325,24.6222000,0.012197
043528,20090326,25.2241000,0.024445
043528,20090327,24.3715000,-0.033801
043528,20090330,23.2281000,-0.046915
043528,20090331,23.4612000,0.010035
043528,20090401,24.3461000,0.037718
043528,20090402,25.7798000,0.058888
043528,20090403,26.1798000,0.015516
043528,20090406,25.8147000,-0.013946
043528,20090407,25.4070000,-0.015793
043528,20090408,25.7687000,0.014236
043528,20090409,27.0571000,0.049999
043528,20090413,27.3215000,0.009772
043528,20090414,26.6937000,-0.022978
043528,20090415,27.0883000,0.014783
043528,20090416,27.3450000,0.009476
043528,20090417,27.1196000,-0.008243
043528,20090420,25.7512000,-0.050458
043528,20090421,26.3856000,0.024636
043528,20090422,26.0162000,-0.014000
043528,20090423,26.6354000,0.023801
043528,20090424,27.2356000,0.022534
043528,20090427,26.3528000,-0.032413
043528,20090428,26.3102000,-0.001617
043528,20090429,27.4353000,0.042763
043528,20090430,27.3261000,-0.003980
043528,20090501,28.1233000,0.029174
043528,20090504,30.1553000,0.072253
043528,20090505,29.9568000,-0.006583
043528,20090506,30.5980000,0.021404
043528,20090507,29.6496000,-0.030995
043528,20090508,30.7365000,0.036658
043528,20090511,30.2397000,-0.016163
043528,20090512,30.1179000,-0.004028
043528,20090513,28.7781000,-0.044485
043528,20090514,29.3778000,0.020839
043528,20090515,29.0389000,-0.011536
043528,20090518,31.0069000,0.067771
043528,20090519,31.2196000,0.006860
043528,20090520,31.3191000,0.003187
043528,20090521,30.6769000,-0.020505
043528,20090522,30.9909000,0.010236
043528,20090526,31.5746000,0.018835
043528,20090527,31.5931000,0.000586
043528,20090528,32.5172000,0.029250
043528,20090529,32.9125000,0.012157
043528,20090601,34.5567000,0.049957
043528,20090602,34.2474000,-0.008951
043528,20090603,32.8131000,-0.041881
043528,20090604,33.7677000,0.029092
043528,20090605,33.8437000,0.002251
043528,20090608,33.5613000,-0.008344
043528,20090609,33.7201000,0.004732
043528,20090610,34.0407000,0.009508
043528,20090611,34.9161000,0.025716
043528,20090612,34.3091000,-0.017385
043528,20090615,32.8816000,-0.041607
043528,20090616,32.0947000,-0.023931
043528,20090617,31.8296000,-0.008260
043528,20090618,31.7462000,-0.002620
043528,20090619,31.9515000,0.006467
043528,20090622,30.2356000,-0.053703
043528,20090623,30.6815000,0.014748
043528,20090624,31.1449000,0.015104
043528,20090625,32.1165000,0.031196
043528,20090626,32.5183000,0.012511
043528,20090629,32.5597000,0.001273
043528,20090630,32.0862000,-0.014543
043528,20090701,32.4372000,0.010939
043528,20090702,31.3757000,-0.032725
043528,20090706,31.0869000,-0.009205
043528,20090707,30.0964000,-0.031862
043528,20090708,29.7712000,-0.010805
043528,20090709,30.3111000,0.018135
043528,20090710,30.1197000,-0.006315
043528,20090713,30.4518000,0.011026
043528,20090714,30.6033000,0.004975
043528,20090715,32.2730000,0.054559
043528,20090716,32.4750000,0.006259
043528,20090717,32.7548000,0.008616
043528,20090720,34.0773000,0.040376
043528,20090721,34.0062000,-0.002086
043528,20090722,33.8296000,-0.005193
043528,20090723,34.9622000,0.033480
043528,20090724,34.9494000,-0.000366
043528,20090727,35.2826000,0.009534
043528,20090728,35.0460000,-0.006706
043528,20090729,34.0605000,-0.028120
043528,20090730,34.8922000,0.024418
043528,20090731,35.0390000,0.004207
043528,20090803,36.6028000,0.044630
043528,20090804,36.4893000,-0.003101
043528,20090805,36.4239000,-0.001792
043528,20090806,36.2377000,-0.005112
043528,20090807,36.5120000,0.007569
043528,20090810,36.3946000,-0.003215
043528,20090811,35.7373000,-0.018060
043528,20090812,36.0410000,0.008498
043528,20090813,36.3048000,0.007319
043528,20090814,35.7256000,-0.015954
043528,20090817,34.1858000,-0.043101
043528,20090818,34.9558000,0.022524
043528,20090819,35.1528000,0.005636
043528,20090820,35.5878000,0.012375
043528,20090821,36.1265000,0.015137
043528,20090824,36.0422000,-0.002333
043528,20090825,35.8208000,-0.006143
043528,20090826,35.8116000,-0.000257
043528,20090827,35.7807000,-0.000863
043528,20090828,35.4751000,-0.008541
043528,20090831,34.5732000,-0.025423
043528,20090901,33.8707000,-0.020319
043528,20090902,34.1849000,0.009276
043528,20090903,34.7926000,0.017777
043528,20090904,35.7722000,0.028155
043528,20090908,36.7343000,0.026895
043528,20090909,36.8130000,0.002142
043528,20090910,37.3992000,0.015924
043528,20090911,37.2759000,-0.003297
043528,20090914,37.4769000,0.005392
043528,20090915,37.8426000,0.009758
043528,20090916,38.8015000,0.025339
043528,20090917,38.4303000,-0.009567
043528,20090918,38.4715000,0.001072
043528,20090921,38.3557000,-0.003010
043528,20090922,39.2262000,0.022695
043528,20090923,38.6600000,-0.014434
043528,20090924,37.8406000,-0.021195
043528,20090925,37.9502000,0.002896
043528,20090928,38.5434000,0.015631
043528,20090929,38.6561000,0.002924
043528,20090930,38.9556000,0.007748
043528,20091001,37.8928000,-0.027282
043528,20091002,38.1833000,0.007666
043528,20091005,39.2402000,0.027680
043528,20091006,39.8291000,0.015008
043528,20091007,39.7643000,-0.001627
043528,20091008,40.5753000,0.020395
043528,20091009,40.6951000,0.002953
043528,20091012,40.8825000,0.004605
043528,20091013,40.9028000,0.000497
043528,20091014,42.4768000,0.038481
043528,20091015,42.4632000,-0.000320
043528,20091016,41.9866000,-0.011224
043528,20091019,42.9117000,0.022033
043528,20091020,41.7759000,-0.026468
043528,20091021,41.9128000,0.003277
043528,20091022,42.2574000,0.008222
043528,20091023,41.9760000,-0.006659
043528,20091026,41.5057000,-0.011204
043528,20091027,40.5467000,-0.023105
043528,20091028,38.4543000,-0.051605
043528,20091029,40.6849000,0.058007
043528,20091030,38.9387000,-0.042920
043528,20091102,39.4941000,0.014263
043528,20091103,39.9645000,0.011911
043528,20091104,40.6104000,0.016162
043528,20091105,41.6556000,0.025737
043528,20091106,41.6401000,-0.000372
043528,20091109,43.2030000,0.037534
043528,20091110,42.9745000,-0.005289
043528,20091111,43.0235000,0.001140
043528,20091112,41.8591000,-0.027064
043528,20091113,42.5800000,0.017222
043528,20091116,43.4601000,0.020669
043528,20091117,43.8902000,0.009896
043528,20091118,43.3837000,-0.011540
043528,20091119,42.7731000,-0.014074
043528,20091120,42.5897000,-0.004288
043528,20091123,43.2078000,0.014513
043528,20091124,43.1188000,-0.002060
043528,20091125,43.8548000,0.017069
043528,20091127,42.5862000,-0.028927
043528,20091130,42.6928000,0.002503
043528,20091201,43.8939000,0.028134
043528,20091202,44.1167000,0.005076
043528,20091203,43.6806000,-0.009885
043528,20091204,43.5030000,-0.004066
043528,20091207,43.2810000,-0.005103
043528,20091208,42.4226000,-0.019833
043528,20091209,42.6680000,0.005785
043528,20091210,42.9579000,0.006794
043528,20091211,42.9700000,0.000282
043528,20091214,43.3563000,0.008990
043528,20091215,43.1100000,-0.005681
043528,20091216,43.1207000,0.000248
043528,20091217,41.6625000,-0.033817
043528,20091218,41.5182000,-0.003464
043528,20091221,41.3974000,-0.002910
043528,20091222,41.6681000,0.006539
043528,20091223,42.1634000,0.011887
043528,20091224,42.0200000,0.008766
043528,20091228,42.2408000,0.005255
043528,20091229,42.1289000,-0.002649
043528,20091230,42.3361000,0.004918
043528,20091231,42.4000000,0.001509
043528,20100104,43.6944000,0.030528
043528,20100105,44.0058000,0.007127
043528,20100106,44.2340000,0.005186
043528,20100107,43.7820000,-0.010218
043528,20100108,44.0573000,0.006288
043528,20100111,44.0200000,-0.000847
043528,20100112,43.4020000,-0.014039
043528,20100113,43.3834000,-0.000429
043528,20100114,42.9481000,-0.010034
043528,20100115,42.3458000,-0.014024
043528,20100119,43.0441000,0.016490
043528,20100120,41.8373000,-0.028036
043528,20100121,40.2285000,-0.038454
043528,20100122,39.4102000,-0.020341
043528,20100125,39.5100000,0.002532
043528,20100126,38.7553000,-0.019101
043528,20100127,38.6241000,-0.003385
043528,20100128,38.3685000,-0.006618
043528,20100129,37.9067000,-0.012036
043528,20100201,39.1920000,0.033907
043528,20100202,39.6800000,0.012452
043528,20100203,39.4100000,-0.006804
043528,20100204,37.1461000,-0.057445
043528,20100205,37.0710000,-0.002022
043528,20100208,36.7700000,-0.008120
043528,20100209,38.0900000,0.035899
043528,20100210,38.1672000,0.002027
043528,20100211,39.1605000,0.026025
043528,20100212,38.9253000,-0.006006
043528,20100216,39.7892000,0.022194
043528,20100217,39.9749000,0.004667
043528,20100218,40.3803000,0.010141
043528,20100219,40.1400000,-0.005951
043528,20100222,39.9500000,-0.004733
043528,20100223,39.2200000,-0.018273
043528,20100224,39.4100000,0.004844
043528,20100225,39.5590000,0.003781
043528,20100226,40.1071000,0.013855
043528,20100301,40.7074000,0.014967
043528,20100302,41.1700000,0.011364
043528,20100303,41.1160000,-0.001312
043528,20100304,40.9783000,-0.003349
043528,20100305,41.8500000,0.021272
043528,20100308,41.7961000,-0.001288
043528,20100309,42.1927000,0.009489
043528,20100310,42.5800000,0.009179
043528,20100311,42.6590000,0.001855
043528,20100312,42.5051000,-0.003608
043528,20100315,42.3291000,-0.004141
043528,20100316,42.7136000,0.009084
043528,20100317,42.7800000,0.001555
043528,20100318,42.3046000,-0.011113
043528,20100319,41.7026000,-0.014230
043528,20100322,41.8411000,0.003321
043528,20100323,42.3300000,0.011685
043528,20100324,41.7752000,-0.013107
043528,20100325,41.2114000,-0.013496
043528,20100326,41.4130000,0.004892
043528,20100329,42.3669000,0.023034
043528,20100330,42.5491000,0.004301
043528,20100331,42.6353000,0.002026
043528,20100401,43.5679000,0.021874
043528,20100405,43.9749000,0.009342
043528,20100406,44.0000000,0.000571
043528,20100407,43.5325000,-0.010625
043528,20100408,43.9100000,0.008672
043528,20100409,44.2400000,0.007515
043528,20100412,43.9000000,-0.007685
043528,20100413,43.8200000,-0.001822
043528,20100414,44.2700000,0.010269
043528,20100415,44.0127000,-0.005812
043528,20100416,42.9340000,-0.024509
043528,20100419,42.7900000,-0.003354
043528,20100420,43.2600000,0.010984
043528,20100421,42.8300000,-0.009940
043528,20100422,43.0900000,0.006071
043528,20100423,43.2900000,0.004641
043528,20100426,43.2200000,-0.001617
043528,20100427,41.5445000,-0.038767
043528,20100428,41.8600000,0.007594
043528,20100429,42.7575000,0.021441
043528,20100430,42.4100000,-0.008127
043528,20100503,42.2800000,-0.003065
043528,20100504,40.4200000,-0.043992
043528,20100505,39.9700000,-0.011133
043528,20100506,38.3600000,-0.040280
043528,20100507,38.2200000,-0.003650
043528,20100510,41.0200000,0.073260
043528,20100511,40.2900000,-0.017796
043528,20100512,40.7400000,0.011169
043528,20100513,40.4092000,-0.008120
043528,20100514,39.4419000,-0.023938
043528,20100517,38.9300000,-0.012979
043528,20100518,38.1800000,-0.019265
043528,20100519,37.4300000,-0.019644
043528,20100520,35.7810000,-0.044056
043528,20100521,37.1400000,0.037981
043528,20100524,36.6700000,-0.012655
043528,20100525,36.3600000,-0.008454
043528,20100526,36.4900000,0.003575
043528,20100527,38.5400000,0.056180
043528,20100528,38.1200000,-0.010898
043528,20100601,37.6288000,-0.012886
043528,20100602,38.8900000,0.033517
043528,20100603,38.7100000,-0.004628
043528,20100604,37.3900000,-0.034100
043528,20100607,36.7500000,-0.017117
043528,20100608,37.5500000,0.021769
043528,20100609,37.6400000,0.002397
043528,20100610,39.1200000,0.039320
043528,20100611,39.3500000,0.005879
043528,20100614,39.1600000,-0.004828
043528,20100615,40.3100000,0.029367
043528,20100616,40.4117000,0.002523
043528,20100617,40.0700000,-0.008455
043528,20100618,40.1600000,0.002246
043528,20100621,40.8400000,0.016932
043528,20100622,40.1500000,-0.016895
043528,20100623,40.2600000,0.002740
043528,20100624,39.4800000,-0.019374
043528,20100625,40.0419000,0.014233
043528,20100628,39.7600000,-0.007040
043528,20100629,37.9300000,-0.046026
043528,20100630,37.7900000,-0.003691
043528,20100701,38.0200000,0.006086
043528,20100702,38.2400000,0.005786
043528,20100706,38.4100000,0.004446
043528,20100707,39.3900000,0.025514
043528,20100708,39.6300000,0.006093
043528,20100709,40.2000000,0.014383
043528,20100712,39.5676000,-0.015731
043528,20100713,39.8800000,0.007895
043528,20100714,39.6000000,-0.007021
043528,20100715,39.3000000,-0.007576
043528,20100716,38.3502000,-0.024168
043528,20100719,38.8200000,0.012250
043528,20100720,39.8500000,0.026533
043528,20100721,39.6600000,-0.004768
043528,20100722,40.8400000,0.029753
043528,20100723,41.0700000,0.005632
043528,20100726,41.1200000,0.001217
043528,20100727,40.9800000,-0.003405
043528,20100728,40.9900000,0.000244
043528,20100729,40.9100000,-0.001952
043528,20100730,41.2900000,0.009289
043528,20100802,42.3800000,0.026399
043528,20100803,42.1800000,-0.004719
043528,20100804,42.4000000,0.005216
043528,20100805,42.3600000,-0.000943
043528,20100806,42.2200000,-0.003305
043528,20100809,42.3600000,0.003316
043528,20100810,41.8100000,-0.012984
043528,20100811,40.5000000,-0.031332
043528,20100812,40.5900000,0.002222
043528,20100813,40.6700000,0.001971
043528,20100816,41.2400000,0.014015
043528,20100817,41.5900000,0.008487
043528,20100818,41.6300000,0.000962
043528,20100819,41.1600000,-0.011290
043528,20100820,41.1200000,-0.000972
043528,20100823,40.5200000,-0.014591
043528,20100824,39.9300000,-0.014561
043528,20100825,39.7900000,-0.003506
043528,20100826,39.4530000,-0.008469
043528,20100827,40.4300000,0.024764
043528,20100830,39.5900000,-0.020777
043528,20100831,40.0500000,0.011619
043528,20100901,41.3900000,0.033458
043528,20100902,41.6520000,0.006330
043528,20100903,41.9400000,0.006914
043528,20100907,41.3200000,-0.014783
043528,20100908,41.5700000,0.006050
043528,20100909,41.7000000,0.003127
043528,20100910,41.7200000,0.000480
043528,20100913,42.9000000,0.028284
043528,20100914,42.7200000,-0.004196
043528,20100915,42.6400000,-0.001873
043528,20100916,42.7000000,0.001407
043528,20100917,42.5500000,-0.003513
043528,20100920,43.1600000,0.014336
043528,20100921,43.0400000,-0.002780
043528,20100922,43.0500000,0.000232
043528,20100923,43.1400000,0.002091
043528,20100924,43.6303000,0.011365
043528,20100927,43.8065000,0.004038
043528,20100928,44.0772000,0.006179
043528,20100929,44.2952000,0.004946
043528,20100930,44.8052000,0.011514
043528,20101001,45.3336000,0.011793
043528,20101004,45.3109000,-0.000501
043528,20101005,46.2189000,0.020039
043528,20101006,45.7050000,-0.011119
043528,20101007,45.2577000,-0.009787
043528,20101008,45.8342000,0.012738
043528,20101011,46.1119000,0.006059
043528,20101012,45.9589000,-0.003318
043528,20101013,46.8220000,0.018780
043528,20101014,46.7991000,-0.000489
043528,20101015,46.6264000,-0.003690
043528,20101018,46.8566000,0.004937
043528,20101019,45.4605000,-0.029795
043528,20101020,46.0293000,0.012512
043528,20101021,45.3902000,-0.013885
043528,20101022,45.2388000,-0.003336
043528,20101025,45.7145000,0.010515
043528,20101026,46.1663000,0.009883
043528,20101027,45.2703000,-0.019408
043528,20101028,45.5304000,0.005745
043528,20101029,45.6956000,0.003628
043528,20101101,46.1587000,0.010134
043528,20101102,46.7270000,0.012312
043528,20101103,46.8605000,0.002857
043528,20101104,48.1102000,0.026669
043528,20101105,48.0141000,-0.001997
043528,20101108,48.0069000,-0.000150
043528,20101109,47.1403000,-0.018052
043528,20101110,47.3423000,0.004285
043528,20101111,47.1391000,-0.004292
043528,20101112,45.9834000,-0.024517
043528,20101115,45.8987000,-0.001842
043528,20101116,44.5256000,-0.029916
043528,20101117,44.7439000,0.004903
043528,20101118,45.7666000,0.022857
043528,20101119,45.6991000,-0.001475
043528,20101122,45.4686000,-0.005044
043528,20101123,44.2487000,-0.026830
043528,20101124,45.3609000,0.025135
043528,20101126,44.6190000,-0.016355
043528,20101129,44.7262000,0.002403
043528,20101130,44.2228000,-0.011255
043528,20101201,45.2824000,0.023960
043528,20101202,46.0167000,0.016216
043528,20101203,46.2399000,0.004850
043528,20101206,46.1143000,-0.002716
043528,20101207,45.7716000,-0.007432
043528,20101208,45.2602000,-0.011173
043528,20101209,44.8967000,-0.008031
043528,20101210,45.2850000,0.008649
043528,20101213,45.7393000,0.010032
043528,20101214,45.6380000,-0.002215
043528,20101215,44.9336000,-0.015435
043528,20101216,45.0689000,0.003011
043528,20101217,45.1809000,0.002485
043528,20101220,45.0470000,-0.002964
043528,20101221,45.7236000,0.015020
043528,20101222,46.0710000,0.007598
043528,20101223,45.9052000,-0.003599
043528,20101227,44.8827000,-0.003475
043528,20101228,44.7630000,-0.002667
043528,20101229,45.5408000,0.017376
043528,20101230,45.9280000,0.008502
043528,20101231,46.1570000,0.004986
043528,20110103,46.6946000,0.011647
043528,20110104,46.6835000,-0.000238
043528,20110105,46.7252000,0.000893
043528,20110106,46.1002000,-0.013376
043528,20110107,45.6924000,-0.008846
043528,20110110,45.5853000,-0.002344
043528,20110111,46.2961000,0.015593
043528,20110112,47.2110000,0.019762
043528,20110113,46.5867000,-0.013224
043528,20110114,46.4726000,-0.002449
043528,20110118,46.7442000,0.005844
043528,20110119,46.3625000,-0.008166
043528,20110120,45.8318000,-0.011447
043528,20110121,45.5683000,-0.005749
043528,20110124,46.0711000,0.011034
043528,20110125,45.5253000,-0.011847
043528,20110126,45.8348000,0.006798
043528,20110127,45.4899000,-0.007525
043528,20110128,44.3780000,-0.024443
043528,20110131,44.9637000,0.013198
043528,20110201,45.8367000,0.019416
043528,20110202,45.4625000,-0.008164
043528,20110203,45.5392000,0.001687
043528,20110204,45.0848000,-0.009978
043528,20110207,44.7996000,-0.006326
043528,20110208,45.0855000,0.006382
043528,20110209,44.0582000,-0.022786
043528,20110210,44.0953000,0.000842
043528,20110211,44.7837000,0.015612
043528,20110214,45.0896000,0.006831
043528,20110215,45.2329000,0.003178
043528,20110216,45.6957000,0.010231
043528,20110217,45.9244000,0.005005
043528,20110218,45.9385000,0.000307
043528,20110222,44.6905000,-0.027167
043528,20110223,44.9278000,0.005310
043528,20110224,44.9133000,-0.000323
043528,20110225,45.3220000,0.009100
043528,20110228,45.4843000,0.003581
043528,20110301,45.1054000,-0.008330
043528,20110302,45.6621000,0.012342
043528,20110303,46.3811000,0.015746
043528,20110304,46.3257000,-0.001194
043528,20110307,45.7271000,-0.012922
043528,20110308,45.9421000,0.004702
043528,20110309,45.9379000,-0.000091
043528,20110310,44.9029000,-0.022530
043528,20110311,45.1567000,0.005652
043528,20110314,45.4633000,0.006790
043528,20110315,44.9059000,-0.012260
043528,20110316,43.8736000,-0.022988
043528,20110317,44.1655000,0.006653
043528,20110318,44.3224000,0.003553
043528,20110321,44.9923000,0.015114
043528,20110322,45.3130000,0.007128
043528,20110323,45.8048000,0.010853
043528,20110324,46.0537000,0.005434
043528,20110325,46.1066000,0.001149
043528,20110328,45.8047000,-0.006548
043528,20110329,46.4273000,0.013592
043528,20110330,47.0498000,0.013408
043528,20110331,47.4567000,0.008648
043528,20110401,48.2053000,0.015774
043528,20110404,48.6247000,0.008700
043528,20110405,48.6133000,-0.000234
043528,20110406,48.3408000,-0.005605
043528,20110407,48.5442000,0.004208
043528,20110408,48.5762000,0.000659
043528,20110411,48.1452000,-0.008873
043528,20110412,47.1469000,-0.020735
043528,20110413,47.2558000,0.002310
043528,20110414,47.3856000,0.002747
043528,20110415,47.3513000,-0.000724
043528,20110418,46.5188000,-0.017581
043528,20110419,47.1899000,0.014426
043528,20110420,47.9068000,0.015192
043528,20110421,48.1853000,0.005813
043528,20110425,48.0257000,-0.003312
043528,20110426,48.2293000,0.004239
043528,20110427,47.8061000,-0.008775
043528,20110428,47.2452000,-0.011733
043528,20110429,47.6320000,0.008187
043528,20110502,47.3099000,-0.006762
043528,20110503,46.2941000,-0.021471
043528,20110504,45.4248000,-0.018778
043528,20110505,44.9525000,-0.010397
043528,20110506,45.5164000,0.012544
043528,20110509,45.7345000,0.004792
043528,20110510,46.1440000,0.008954
043528,20110511,45.2436000,-0.019513
043528,20110512,45.2400000,-0.000080
043528,20110513,44.4622000,-0.017193
043528,20110516,44.2437000,-0.004914
043528,20110517,44.5402000,0.006702
043528,20110518,44.7820000,0.005429
043528,20110519,44.6929000,-0.001990
043528,20110520,44.5749000,-0.002640
043528,20110523,43.7214000,-0.019148
043528,20110524,44.1783000,0.010450
043528,20110525,44.1868000,0.000192
043528,20110526,44.7636000,0.013054
043528,20110527,45.3583000,0.013285
043528,20110531,46.0190000,0.014566
043528,20110601,45.0916000,-0.020153
043528,20110602,45.5114000,0.009310
043528,20110603,45.3023000,-0.004594
043528,20110606,44.4433000,-0.018962
043528,20110607,44.6019000,0.003569
043528,20110608,44.3177000,-0.006372
043528,20110609,44.5998000,0.006365
043528,20110610,43.8629000,-0.016522
043528,20110613,43.7166000,-0.003335
043528,20110614,44.2172000,0.011451
043528,20110615,43.5147000,-0.015887
043528,20110616,43.0548000,-0.010569
043528,20110617,43.0847000,0.000694
043528,20110620,43.1188000,0.000791
043528,20110621,43.7532000,0.014713
043528,20110622,43.6016000,-0.003465
043528,20110623,43.4837000,-0.002704
043528,20110624,43.5065000,0.000524
043528,20110627,43.9909000,0.011134
043528,20110628,44.9079000,0.020845
043528,20110629,45.2501000,0.007620
043528,20110630,45.7436000,0.010906
043528,20110701,46.4349000,0.015112
043528,20110705,46.2860000,-0.003207
043528,20110706,45.9547000,-0.007158
043528,20110707,46.2722000,0.006909
043528,20110708,45.8063000,-0.010069
043528,20110711,44.5089000,-0.028324
043528,20110712,44.0984000,-0.009223
043528,20110713,44.6553000,0.012629
043528,20110714,44.1676000,-0.010921
043528,20110715,44.4553000,0.006514
043528,20110718,43.9088000,-0.012293
043528,20110719,44.5978000,0.015692
043528,20110720,44.5877000,-0.000226
043528,20110721,45.0932000,0.011337
043528,20110722,45.3208000,0.005047
043528,20110725,45.3781000,0.001264
043528,20110726,45.5784000,0.004414
043528,20110727,44.7106000,-0.019040
043528,20110728,44.6586000,-0.001163
043528,20110729,44.7480000,0.002002
043528,20110801,44.7985000,0.001129
043528,20110802,43.5125000,-0.028706
043528,20110803,43.1306000,-0.008777
043528,20110804,40.6099000,-0.058443
043528,20110805,40.2475000,-0.008924
043528,20110808,36.7925000,-0.085844
043528,20110809,38.7448000,0.053062
043528,20110810,37.4527000,-0.033349
043528,20110811,39.2444000,0.047839
043528,20110812,39.5121000,0.006821
043528,20110815,40.6165000,0.027951
043528,20110816,40.0690000,-0.013480
043528,20110817,40.5230000,0.011330
043528,20110818,38.4435000,-0.051317
043528,20110819,38.0237000,-0.010920
043528,20110822,37.9958000,-0.000734
043528,20110823,39.2282000,0.032435
043528,20110824,39.0450000,-0.004670
043528,20110825,38.5520000,-0.012626
043528,20110826,39.0075000,0.011815
043528,20110829,40.1657000,0.029692
043528,20110830,40.6176000,0.011251
043528,20110831,41.2377000,0.015267
043528,20110901,41.2313000,-0.000155
043528,20110902,39.9237000,-0.031714
043528,20110906,39.4790000,-0.011139
043528,20110907,40.5235000,0.026457
043528,20110908,40.0374000,-0.011996
043528,20110909,38.5939000,-0.036054
043528,20110912,38.2519000,-0.008862
043528,20110913,38.3207000,0.001799
043528,20110914,38.7403000,0.010950
043528,20110915,39.2028000,0.011938
043528,20110916,39.1246000,-0.001995
043528,20110919,38.3744000,-0.019175
043528,20110920,38.0936000,-0.007317
043528,20110921,36.6657000,-0.037484
043528,20110922,34.4441000,-0.060591
043528,20110923,35.1172000,0.019542
043528,20110926,35.5991000,0.013723
043528,20110927,36.4214000,0.023099
043528,20110928,35.5031000,-0.025213
043528,20110929,35.5083000,0.000146
043528,20110930,34.3451000,-0.032759
043528,20111003,33.2924000,-0.030651
043528,20111004,33.6887000,0.011904
043528,20111005,34.4842000,0.023613
043528,20111006,35.7982000,0.038104
043528,20111007,35.0238000,-0.021632
043528,20111010,36.3868000,0.038916
043528,20111011,36.5227000,0.003735
043528,20111012,37.5891000,0.029198
043528,20111013,37.3451000,-0.006491
043528,20111014,37.9480000,0.016144
043528,20111017,36.7994000,-0.030268
043528,20111018,37.3967000,0.016231
043528,20111019,36.7277000,-0.017889
043528,20111020,36.1448000,-0.015871
043528,20111021,36.9290000,0.021696
043528,20111024,38.4838000,0.042102
043528,20111025,37.6665000,-0.021238
043528,20111026,38.4587000,0.021032
043528,20111027,40.4943000,0.052930
043528,20111028,40.7518000,0.006359
043528,20111031,39.4601000,-0.031697
043528,20111101,38.5064000,-0.024169
043528,20111102,39.5374000,0.026775
043528,20111103,39.7613000,0.005663
043528,20111104,39.7214000,-0.001003
043528,20111107,40.1026000,0.009597
043528,20111108,40.3819000,0.006965
043528,20111109,38.3794000,-0.049589
043528,20111110,38.6142000,0.006118
043528,20111111,39.4623000,0.021963
043528,20111114,38.9989000,-0.011743
043528,20111115,39.1572000,0.004059
043528,20111116,38.5432000,-0.015680
043528,20111117,37.6094000,-0.024227
043528,20111118,37.4141000,-0.005193
043528,20111121,36.5160000,-0.024004
043528,20111122,36.3908000,-0.003429
043528,20111123,35.1877000,-0.033061
043528,20111125,34.9586000,-0.006511
043528,20111128,36.2761000,0.037687
043528,20111129,35.9542000,-0.008874
043528,20111130,37.8809000,0.053588
043528,20111201,38.0885000,0.005480
043528,20111202,38.1863000,0.002568
043528,20111205,38.8543000,0.017493
043528,20111206,38.5806000,-0.007044
043528,20111207,38.4111000,-0.004393
043528,20111208,37.2004000,-0.031520
043528,20111209,37.9909000,0.021250
043528,20111212,36.8361000,-0.030397
043528,20111213,36.3883000,-0.012157
043528,20111214,35.7000000,-0.018915
043528,20111215,35.5778000,-0.003423
043528,20111216,35.6436000,0.001849
043528,20111219,34.9046000,-0.020733
043528,20111220,36.2292000,0.037949
043528,20111221,36.0571000,-0.004750
043528,20111222,36.5954000,0.014929
043528,20111223,35.3796000,0.004596
043528,20111227,35.2545000,-0.003536
043528,20111228,34.5210000,-0.020806
043528,20111229,34.8289000,0.008919
043528,20111230,35.0530000,0.006434
043528,20120103,36.4710000,0.040453
043528,20120104,36.4118000,-0.001623
043528,20120105,36.4223000,0.000288
043528,20120106,35.9960000,-0.011704
043528,20120109,36.5913000,0.016538
043528,20120110,37.2525000,0.018070
043528,20120111,37.5020000,0.006698
043528,20120112,37.6035000,0.002707
043528,20120113,37.3334000,-0.007183
043528,20120117,38.1096000,0.020791
043528,20120118,38.8886000,0.020441
043528,20120119,38.9925000,0.002672
043528,20120120,39.0219000,0.000754
043528,20120123,39.3577000,0.008605
043528,20120124,39.4335000,0.001926
043528,20120125,40.0195000,0.014860
043528,20120126,39.7082000,-0.007779
043528,20120127,39.9287000,0.005553
043528,20120130,39.4389000,-0.012267
043528,20120131,39.5324000,0.002371
043528,20120201,40.4097000,0.022192
043528,20120202,40.6429000,0.005771
043528,20120203,41.1061000,0.011397
043528,20120206,40.8588000,-0.006016
043528,20120207,40.9896000,0.003201
043528,20120208,41.1919000,0.004935
043528,20120209,41.2729000,0.001966
043528,20120210,40.3981000,-0.021196
043528,20120213,41.0680000,0.016582
043528,20120214,40.6683000,-0.009733
043528,20120215,40.6087000,-0.001466
043528,20120216,41.2541000,0.015893
043528,20120217,41.4064000,0.003692
043528,20120221,41.0569000,-0.008441
043528,20120222,41.1928000,0.003310
043528,20120223,41.1236000,-0.001680
043528,20120224,41.4010000,0.006746
043528,20120227,41.0920000,-0.007464
043528,20120228,41.7813000,0.016775
043528,20120229,41.3243000,-0.010938
043528,20120301,41.8972000,0.013864
043528,20120302,41.8784000,-0.000449
043528,20120305,41.0365000,-0.020103
043528,20120306,39.5758000,-0.035595
043528,20120307,39.8788000,0.007656
043528,20120308,40.5606000,0.017097
043528,20120309,40.6281000,0.001664
043528,20120312,40.2001000,-0.010535
043528,20120313,41.2872000,0.027042
043528,20120314,40.8118000,-0.011514
043528,20120315,40.8712000,0.001455
043528,20120316,40.8072000,-0.001566
043528,20120319,40.6806000,-0.003102
043528,20120320,40.0833000,-0.014683
043528,20120321,40.1832000,0.002492
043528,20120322,39.6103000,-0.014257
043528,20120323,39.8860000,0.006960
043528,20120326,40.4944000,0.015253
043528,20120327,40.2952000,-0.004919
043528,20120328,39.5105000,-0.019474
043528,20120329,39.3378000,-0.004371
043528,20120330,39.5208000,0.004652
043528,20120402,39.9517000,0.010903
043528,20120403,39.5923000,-0.008996
043528,20120404,38.8038000,-0.019915
043528,20120405,38.9617000,0.004069
043528,20120409,38.6409000,-0.008234
043528,20120410,37.9391000,-0.018162
043528,20120411,38.3413000,0.010601
043528,20120412,39.3358000,0.025938
043528,20120413,38.7388000,-0.015177
043528,20120416,38.3268000,-0.010635
043528,20120417,38.6551000,0.008566
043528,20120418,38.5491000,-0.002742
043528,20120419,38.5130000,-0.000936
043528,20120420,38.7099000,0.005113
043528,20120423,37.9678000,-0.019171
043528,20120424,38.0445000,0.002020
043528,20120425,37.9753000,-0.001819
043528,20120426,38.1445000,0.004456
043528,20120427,38.2555000,0.002910
043528,20120430,38.0498000,-0.005377
043528,20120501,38.2836000,0.006145
043528,20120502,38.1570000,-0.003307
043528,20120503,37.7870000,-0.009697
043528,20120504,36.9207000,-0.022926
043528,20120507,37.0472000,0.003426
043528,20120508,36.3059000,-0.020010
043528,20120509,35.7477000,-0.015375
043528,20120510,35.8479000,0.002803
043528,20120511,35.4298000,-0.011663
043528,20120514,34.4500000,-0.027655
043528,20120515,34.1427000,-0.008920
043528,20120516,33.8201000,-0.009449
043528,20120517,32.9767000,-0.024938
043528,20120518,32.9568000,-0.000603
043528,20120521,33.7400000,0.023764
043528,20120522,33.1878000,-0.016366
043528,20120523,33.1073000,-0.002426
043528,20120524,32.8655000,-0.007304
043528,20120525,33.0088000,0.004360
043528,20120529,33.6654000,0.019892
043528,20120530,32.8277000,-0.024883
043528,20120531,32.9549000,0.003875
043528,20120601,32.1658000,-0.023945
043528,20120604,32.1695000,0.000115
043528,20120605,32.3664000,0.006121
043528,20120606,33.3419000,0.030139
043528,20120607,33.6307000,0.008662
043528,20120608,33.2394000,-0.011635
043528,20120611,32.7429000,-0.014937
043528,20120612,33.3093000,0.017298
043528,20120613,33.1813000,-0.003843
043528,20120614,33.1811000,-0.000006
043528,20120615,33.6739000,0.014852
043528,20120618,33.8278000,0.004570
043528,20120619,34.7264000,0.026564
043528,20120620,34.5556000,-0.004918
043528,20120621,33.2617000,-0.037444
043528,20120622,33.1835000,-0.002351
043528,20120625,32.3158000,-0.026149
043528,20120626,32.6217000,0.009466
043528,20120627,32.7633000,0.004341
043528,20120628,32.5708000,-0.005875
043528,20120629,34.0740000,0.046152
043528,20120702,34.3291000,0.007487
043528,20120703,34.9326000,0.017580
043528,20120705,34.8011000,-0.003764
043528,20120706,34.2019000,-0.017218
043528,20120709,33.8675000,-0.009777
043528,20120710,33.3989000,-0.013836
043528,20120711,33.4619000,0.001886
043528,20120712,32.9898000,-0.014109
043528,20120713,33.6509000,0.020040
043528,20120716,33.4427000,-0.006187
043528,20120717,33.5940000,0.004524
043528,20120718,33.6868000,0.002762
043528,20120719,34.1862000,0.014825
043528,20120720,33.7409000,-0.013026
043528,20120723,32.8790000,-0.025545
043528,20120724,32.7309000,-0.004504
043528,20120725,32.6644000,-0.002032
043528,20120726,33.4538000,0.024167
043528,20120727,34.6178000,0.034794
043528,20120730,34.4936000,-0.003588
043528,20120731,34.1213000,-0.010793
043528,20120801,34.1793000,0.001700
043528,20120802,33.7262000,-0.013257
043528,20120803,34.5592000,0.024699
043528,20120806,35.0720000,0.014838
043528,20120807,35.2486000,0.005035
043528,20120808,35.5558000,0.008715
043528,20120809,35.6507000,0.002669
043528,20120810,35.8742000,0.006269
043528,20120813,35.6149000,-0.007228
043528,20120814,35.4174000,-0.005545
043528,20120815,35.3807000,-0.001036
043528,20120816,35.5070000,0.003570
043528,20120817,35.4030000,-0.002929
043528,20120820,35.3755000,-0.000777
043528,20120821,35.0327000,-0.009690
043528,20120822,35.1138000,0.002315
043528,20120823,34.7305000,-0.010916
043528,20120824,34.7002000,-0.000872
043528,20120827,34.4263000,-0.007893
043528,20120828,34.3958000,-0.000886
043528,20120829,33.9954000,-0.011641
043528,20120830,33.7448000,-0.007372
043528,20120831,33.8623000,0.003482
043528,20120904,33.4294000,-0.012784
043528,20120905,33.4975000,0.002037
043528,20120906,34.3396000,0.025139
043528,20120907,35.0882000,0.021800
043528,20120910,34.5645000,-0.014925
043528,20120911,35.0880000,0.015146
043528,20120912,35.1895000,0.002893
043528,20120913,36.1539000,0.027406
043528,20120914,36.7819000,0.017370
043528,20120917,36.3995000,-0.010396
043528,20120918,36.2724000,-0.003492
043528,20120919,36.2669000,-0.000152
043528,20120920,36.0092000,-0.007106
043528,20120921,36.0247000,0.000430
043528,20120924,36.0443000,0.000544
043528,20120925,35.3764000,-0.018530
043528,20120926,35.2798000,-0.002731
043528,20120927,35.7058000,0.012075
043528,20120928,35.4570000,-0.006968
043528,20121001,35.7128000,0.007214
043528,20121002,35.7021000,-0.000300
043528,20121003,35.4416000,-0.007296
043528,20121004,35.7235000,0.007954
043528,20121005,35.6354000,-0.002466
043528,20121008,35.6258000,-0.000269
043528,20121009,35.2609000,-0.010243
043528,20121010,35.1019000,-0.004509
043528,20121011,35.5371000,0.012398
043528,20121012,35.3335000,-0.005729
043528,20121015,35.6591000,0.009215
043528,20121016,35.8744000,0.006038
043528,20121017,35.9847000,0.003075
043528,20121018,36.0307000,0.001278
043528,20121019,35.6505000,-0.010552
043528,20121022,36.0099000,0.010081
043528,20121023,35.2233000,-0.021844
043528,20121024,35.3452000,0.003461
043528,20121025,35.6785000,0.009430
043528,20121026,35.4184000,-0.007290
043528,20121031,35.1207000,-0.008405
043528,20121101,35.7734000,0.018584
043528,20121102,35.5588000,-0.005999
043528,20121105,35.6926000,0.003763
043528,20121106,35.9940000,0.008444
043528,20121107,35.4206000,-0.015930
043528,20121108,34.8286000,-0.016713
043528,20121109,34.7967000,-0.000916
043528,20121112,34.6991000,-0.002805
043528,20121113,34.3114000,-0.011173
043528,20121114,33.7925000,-0.015123
043528,20121115,33.6521000,-0.004155
043528,20121116,33.6504000,-0.000051
043528,20121119,34.2152000,0.016784
043528,20121120,34.0408000,-0.005097
043528,20121121,34.0522000,0.000335
043528,20121123,34.6337000,0.017077
043528,20121126,34.5521000,-0.002356
043528,20121127,34.0687000,-0.013990
043528,20121128,34.2061000,0.004033
043528,20121129,34.5987000,0.011477
043528,20121130,34.5144000,-0.002437
043528,20121203,34.4087000,-0.003062
043528,20121204,34.3096000,-0.002880
043528,20121205,34.8707000,0.016354
043528,20121206,34.9689000,0.002816
043528,20121207,35.1183000,0.004272
043528,20121210,35.3866000,0.007640
043528,20121211,35.6436000,0.007263
043528,20121212,35.6706000,0.000757
043528,20121213,35.4307000,-0.006725
043528,20121214,35.8244000,0.011112
043528,20121217,35.8452000,0.000581
043528,20121218,36.2849000,0.012267
043528,20121219,36.6078000,0.008899
043528,20121220,36.8645000,0.007012
043528,20121221,36.4456000,-0.011363
043528,20121224,35.2724000,-0.006097
043528,20121226,35.5348000,0.007439
043528,20121227,35.5568000,0.000619
043528,20121228,35.4666000,-0.002537
043528,20121231,36.0078000,0.015259
043528,20130102,36.7705000,0.021182
043528,20130103,36.8897000,0.003242
043528,20130104,36.9074000,0.000480
043528,20130107,36.5744000,-0.009023
043528,20130108,36.0966000,-0.013064
043528,20130109,36.4182000,0.008909
043528,20130110,36.8474000,0.011785
043528,20130111,36.7969000,-0.001371
043528,20130114,36.9575000,0.004364
043528,20130115,36.8096000,-0.004002
043528,20130116,36.6261000,-0.004985
043528,20130117,36.7796000,0.004191
043528,20130118,36.8859000,0.002890
043528,20130122,36.8773000,-0.000233
043528,20130123,36.7561000,-0.003287
043528,20130124,36.7183000,-0.001028
043528,20130125,36.6308000,-0.002383
043528,20130128,36.4721000,-0.004332
043528,20130129,36.7930000,0.008799
043528,20130130,36.4480000,-0.009377
043528,20130131,36.4932000,0.001240
043528,20130201,36.7971000,0.008328
043528,20130204,36.0465000,-0.020398
043528,20130205,35.8893000,-0.004361
043528,20130206,35.8484000,-0.001140
043528,20130207,35.5233000,-0.009069
043528,20130208,35.6731000,0.004217
043528,20130211,35.4747000,-0.005562
043528,20130212,35.6138000,0.003921
043528,20130213,35.8016000,0.005273
043528,20130214,35.6831000,-0.003310
043528,20130215,35.6298000,-0.001494
043528,20130219,35.7343000,0.002933
043528,20130220,35.0822000,-0.018249
043528,20130221,34.5993000,-0.013765
043528,20130222,34.9579000,0.010364
043528,20130225,34.5275000,-0.012312
043528,20130226,34.6976000,0.004927
043528,20130227,34.9440000,0.007101
043528,20130228,34.9491000,0.000146
043528,20130301,34.9395000,-0.000275
043528,20130304,34.6083000,-0.009479
043528,20130305,34.8886000,0.008099
043528,20130306,35.5374000,0.018596
043528,20130307,35.9025000,0.010274
043528,20130308,36.1357000,0.006495
043528,20130311,35.9413000,-0.005380
043528,20130312,35.6166000,-0.009034
043528,20130313,35.1654000,-0.012668
043528,20130314,35.2030000,0.001069
043528,20130315,34.9878000,-0.006113
043528,20130318,34.7573000,-0.006588
043528,20130319,34.4439000,-0.009017
043528,20130320,34.6385000,0.005650
043528,20130321,34.1980000,-0.012717
043528,20130322,34.2315000,0.000980
043528,20130325,34.0981000,-0.003897
043528,20130326,34.3774000,0.008191
043528,20130327,34.5687000,0.005565
043528,20130328,34.6105000,0.001209
043528,20130401,34.2566000,-0.010225
043528,20130402,34.2414000,-0.000444
043528,20130403,33.9001000,-0.009967
043528,20130404,33.8032000,-0.002858
043528,20130405,33.8506000,0.001402
043528,20130408,33.7920000,-0.001731
043528,20130409,34.4344000,0.019010
043528,20130410,34.8580000,0.012302
043528,20130411,34.5751000,-0.008116
043528,20130412,34.1642000,-0.011884
043528,20130415,32.9399000,-0.035836
043528,20130416,33.5280000,0.017854
043528,20130417,32.8000000,-0.021713
043528,20130418,32.9279000,0.003899
043528,20130419,33.5052000,0.017532
043528,20130422,33.5373000,0.000958
043528,20130423,33.9211000,0.011444
043528,20130424,34.2801000,0.010583
043528,20130425,34.5825000,0.008821
043528,20130426,34.0693000,-0.014840
043528,20130429,34.5630000,0.014491
043528,20130430,35.1386000,0.016654
043528,20130501,34.6431000,-0.014101
043528,20130502,34.7498000,0.003080
043528,20130503,34.8682000,0.003407
043528,20130506,34.9579000,0.002573
043528,20130507,35.4532000,0.014168
043528,20130508,35.7712000,0.008970
043528,20130509,35.5611000,-0.005873
043528,20130510,35.4364000,-0.003507
043528,20130513,35.1786000,-0.007275
043528,20130514,35.1072000,-0.002030
043528,20130515,35.1554000,0.001373
043528,20130516,34.9078000,-0.007043
043528,20130517,35.1440000,0.006766
043528,20130520,35.5744000,0.012247
043528,20130521,35.5849000,0.000295
043528,20130522,35.0059000,-0.016271
043528,20130523,34.7187000,-0.008204
043528,20130524,34.6362000,-0.002376
043528,20130528,34.7978000,0.004666
043528,20130529,34.0442000,-0.021657
043528,20130530,34.2478000,0.005980
043528,20130531,33.4321000,-0.023818
043528,20130603,33.7875000,0.010631
043528,20130604,33.5871000,-0.005931
043528,20130605,32.9199000,-0.019865
043528,20130606,33.2248000,0.009262
043528,20130607,33.0304000,-0.005851
043528,20130610,32.7466000,-0.008592
043528,20130611,32.1175000,-0.019211
043528,20130612,31.6880000,-0.013373
043528,20130613,32.1533000,0.014684
043528,20130614,31.7131000,-0.013691
043528,20130617,31.9438000,0.007275
043528,20130618,31.8346000,-0.003419
043528,20130619,30.9735000,-0.027049
043528,20130620,29.9259000,-0.033822
043528,20130621,30.0995000,0.005801
043528,20130624,29.3283000,-0.025622
043528,20130625,29.8483000,0.017730
043528,20130626,30.2187000,0.012409
043528,20130627,30.6350000,0.013776
043528,20130628,30.7233000,0.002882
043528,20130701,30.6817000,-0.001354
043528,20130702,30.0729000,-0.019842
043528,20130703,29.9004000,-0.005736
043528,20130705,29.7980000,-0.003425
043528,20130708,29.8300000,0.001074
043528,20130709,30.1386000,0.010345
043528,20130710,30.0695000,-0.002293
043528,20130711,31.1550000,0.036100
043528,20130712,30.9019000,-0.008124
043528,20130715,31.4023000,0.016193
043528,20130716,31.3622000,-0.001277
043528,20130717,31.8128000,0.014368
043528,20130718,31.9512000,0.004350
043528,20130719,31.7392000,-0.006635
043528,20130722,32.1966000,0.014411
043528,20130723,32.5735000,0.011706
043528,20130724,32.1649000,-0.012544
043528,20130725,32.6139000,0.013959
043528,20130726,32.5305000,-0.002557
043528,20130729,32.1736000,-0.010971
043528,20130730,32.0024000,-0.005321
043528,20130731,32.0002000,-0.000069
043528,20130801,32.5971000,0.018653
043528,20130802,32.6158000,0.000574
043528,20130805,32.2606000,-0.010890
043528,20130806,31.8707000,-0.012086
043528,20130807,31.6767000,-0.006087
043528,20130808,32.4677000,0.024971
043528,20130809,32.7953000,0.010090
043528,20130812,32.9527000,0.004799
043528,20130813,33.2153000,0.007969
043528,20130814,33.1569000,-0.001758
043528,20130815,32.9463000,-0.006352
043528,20130816,32.6726000,-0.008307
043528,20130819,32.3912000,-0.008613
043528,20130820,32.2156000,-0.005421
043528,20130821,31.7264000,-0.015185
043528,20130822,32.3084000,0.018344
043528,20130823,32.9786000,0.020744
043528,20130826,32.6304000,-0.010558
043528,20130827,32.0436000,-0.017983
043528,20130828,32.1961000,0.004759
043528,20130829,32.0746000,-0.003774
043528,20130830,31.9927000,-0.002553
043528,20130903,32.4543000,0.014428
043528,20130904,32.7971000,0.010563
043528,20130905,33.4921000,0.021191
043528,20130906,33.8848000,0.011725
043528,20130909,34.7322000,0.025008
043528,20130910,35.2278000,0.014269
043528,20130911,35.0852000,-0.004048
043528,20130912,34.6350000,-0.012832
043528,20130913,34.7882000,0.004423
043528,20130916,34.9145000,0.003631
043528,20130917,35.1339000,0.006284
043528,20130918,36.2576000,0.031983
043528,20130919,36.1873000,-0.001939
043528,20130920,35.5340000,-0.018053
043528,20130923,35.7900000,0.007204
043528,20130924,35.6503000,-0.003903
043528,20130925,35.5053000,-0.004067
043528,20130926,35.6088000,0.002915
043528,20130927,35.3911000,-0.006114
043528,20130930,35.2403000,-0.004261
043528,20131001,35.6894000,0.012744
043528,20131002,35.9171000,0.006380
043528,20131003,35.7699000,-0.004098
043528,20131004,36.0123000,0.006777
043528,20131007,35.7709000,-0.006703
043528,20131008,35.1725000,-0.016729
043528,20131009,35.3115000,0.003952
043528,20131010,36.0974000,0.022256
043528,20131011,36.4588000,0.010012
043528,20131014,36.7476000,0.007921
043528,20131015,36.5051000,-0.006599
043528,20131016,36.7408000,0.006457
043528,20131017,37.0458000,0.008301
043528,20131018,37.2976000,0.006797
043528,20131021,37.2889000,-0.000233
043528,20131022,37.4063000,0.003148
043528,20131023,36.5216000,-0.023651
043528,20131024,36.4798000,-0.001145
043528,20131025,36.4000000,-0.002188
043528,20131028,36.4853000,0.002343
043528,20131029,36.8505000,0.010010
043528,20131030,36.9202000,0.001891
043528,20131031,36.5193000,-0.010859
043528,20131101,36.4783000,-0.001123
043528,20131104,36.6393000,0.004414
043528,20131105,36.0948000,-0.014861
043528,20131106,36.0819000,-0.000357
043528,20131107,35.4646000,-0.017108
043528,20131108,35.2382000,-0.006384
043528,20131111,35.2439000,0.000162
043528,20131112,35.0061000,-0.006747
043528,20131113,34.9661000,-0.001143
043528,20131114,35.5607000,0.017005
043528,20131115,36.0228000,0.012995
043528,20131118,36.7395000,0.019896
043528,20131119,36.4259000,-0.008536
043528,20131120,36.0903000,-0.009213
043528,20131121,35.8352000,-0.007068
043528,20131122,36.1136000,0.007769
043528,20131125,35.7405000,-0.010331
043528,20131126,35.5011000,-0.006698
043528,20131127,35.4958000,-0.000149
043528,20131129,35.7677000,0.007660
043528,20131202,35.3056000,-0.012919
043528,20131203,34.9495000,-0.010086
043528,20131204,34.8630000,-0.002475
043528,20131205,34.8758000,0.000367
043528,20131206,35.1957000,0.009173
043528,20131209,35.5250000,0.009356
043528,20131210,35.5701000,0.001270
043528,20131211,34.7651000,-0.022631
043528,20131212,34.5398000,-0.006481
043528,20131213,34.5862000,0.001343
043528,20131216,34.6667000,0.002328
043528,20131217,34.6186000,-0.001387
043528,20131218,35.0014000,0.011058
043528,20131219,34.8503000,-0.004317
043528,20131220,34.6903000,-0.004591
043528,20131223,35.0453000,0.010233
043528,20131224,34.2870000,0.002959
043528,20131226,34.2191000,-0.001980
043528,20131227,34.4664000,0.007227
043528,20131230,34.4179000,-0.001407
043528,20131231,34.6130000,0.005669
043528,20140102,34.0375000,-0.016627
043528,20140103,33.6666000,-0.010897
043528,20140106,33.3596000,-0.009119
043528,20140107,33.3859000,0.000788
043528,20140108,33.3869000,0.000030
043528,20140109,32.8815000,-0.015138
043528,20140110,33.3057000,0.012901
043528,20140113,33.1021000,-0.006113
043528,20140114,33.2726000,0.005151
043528,20140115,33.3485000,0.002281
043528,20140116,33.2902000,-0.001748
043528,20140117,33.1414000,-0.004470
043528,20140121,33.1250000,-0.000495
043528,20140122,33.3400000,0.006491
043528,20140123,32.5845000,-0.022660
043528,20140124,31.8293000,-0.023177
043528,20140127,31.4957000,-0.010481
043528,20140128,31.6076000,0.003553
043528,20140129,31.1226000,-0.015344
043528,20140130,31.3141000,0.006153
043528,20140131,31.0953000,-0.006987
043528,20140203,30.3839000,-0.022878
043528,20140204,30.7288000,0.011351
043528,20140205,30.6826000,-0.001503
043528,20140206,31.3872000,0.022964
043528,20140207,31.6147000,0.007248
043528,20140210,31.5393000,-0.002385
043528,20140211,32.0458000,0.016059
043528,20140212,32.0122000,-0.001048
043528,20140213,31.9271000,-0.002658
043528,20140214,32.1533000,0.007085
043528,20140218,32.1304000,-0.000712
043528,20140219,31.9575000,-0.005381
043528,20140220,32.0901000,0.004149
043528,20140221,32.3305000,0.007491
043528,20140224,32.2919000,-0.001194
043528,20140225,31.9825000,-0.009581
043528,20140226,32.0064000,0.000747
043528,20140227,32.3551000,0.010895
043528,20140228,32.1570000,-0.006123
043528,20140303,30.8508000,-0.040619
043528,20140304,31.7005000,0.027542
043528,20140305,31.6825000,-0.000568
043528,20140306,31.9089000,0.007146
043528,20140307,31.5383000,-0.011614
043528,20140310,31.0171000,-0.016526
043528,20140311,30.7123000,-0.009827
043528,20140312,30.4233000,-0.009410
043528,20140313,29.8743000,-0.018045
043528,20140314,29.7692000,-0.003518
043528,20140317,30.1209000,0.011814
043528,20140318,30.8171000,0.023114
043528,20140319,30.7601000,-0.001850
043528,20140320,30.6302000,-0.004223
043528,20140321,30.5771000,-0.001734
043528,20140324,30.8524000,0.009003
043528,20140325,31.2012000,0.011305
043528,20140326,31.3934000,0.006160
043528,20140327,31.7717000,0.012050
043528,20140328,31.9901000,0.006874
043528,20140331,32.4325000,0.013829
043528,20140401,32.7648000,0.010246
043528,20140402,32.9724000,0.006336
043528,20140403,32.6274000,-0.010463
043528,20140404,32.8363000,0.006403
043528,20140407,32.8929000,0.001724
043528,20140408,33.1145000,0.006737
043528,20140409,33.2547000,0.004234
043528,20140410,33.2080000,-0.001404
043528,20140411,33.1347000,-0.002207
043528,20140414,33.0710000,-0.001922
043528,20140415,32.2641000,-0.024399
043528,20140416,32.4894000,0.006983
043528,20140417,32.9222000,0.013321
043528,20140421,32.9461000,0.000726
043528,20140422,32.9964000,0.001527
043528,20140423,32.7560000,-0.007286
043528,20140424,32.7061000,-0.001523
043528,20140425,32.1968000,-0.015572
043528,20140428,32.2459000,0.001525
043528,20140429,32.6539000,0.012653
043528,20140430,32.5238000,-0.003984
043528,20140501,32.5792000,0.001703
043528,20140502,32.9106000,0.010172
043528,20140505,32.8200000,-0.002753
043528,20140506,33.0687000,0.007578
043528,20140507,33.3372000,0.008119
043528,20140508,33.4177000,0.002415
043528,20140509,33.4851000,0.002017
043528,20140512,34.1009000,0.018390
043528,20140513,34.1056000,0.000138
043528,20140514,34.3269000,0.006489
043528,20140515,33.9907000,-0.009794
043528,20140516,34.2650000,0.008070
043528,20140519,34.4126000,0.004308
043528,20140520,34.2416000,-0.004969
043528,20140521,34.5604000,0.009310
043528,20140522,34.6732000,0.003264
043528,20140523,34.7553000,0.002368
043528,20140527,34.3745000,-0.010957
043528,20140528,34.4762000,0.002959
043528,20140529,34.5398000,0.001845
043528,20140530,34.0084000,-0.015385
043528,20140602,34.1758000,0.004922
043528,20140603,34.2700000,0.002756
043528,20140604,34.0937000,-0.005144
043528,20140605,34.3078000,0.006280
043528,20140606,34.9421000,0.018489
043528,20140609,35.3357000,0.011264
043528,20140610,35.5703000,0.006639
043528,20140611,35.6717000,0.002851
043528,20140612,35.5140000,-0.004421
043528,20140613,35.5300000,0.000451
043528,20140616,35.4167000,-0.003189
043528,20140617,35.2870000,-0.003662
043528,20140618,35.7391000,0.012812
043528,20140619,35.6273000,-0.003128
043528,20140620,35.5722000,-0.001547
043528,20140623,35.4897000,-0.002319
043528,20140624,35.6913000,0.005681
043528,20140625,35.4722000,-0.006139
043528,20140626,35.5957000,0.003482
043528,20140627,35.5916000,-0.000115
043528,20140630,35.5375000,-0.001520
043528,20140701,35.7264000,0.005316
043528,20140702,35.9628000,0.006617
043528,20140703,36.1262000,0.004544
043528,20140707,35.9965000,-0.003590
043528,20140708,35.7939000,-0.005628
043528,20140709,35.9551000,0.004504
043528,20140710,35.8782000,-0.002139
043528,20140711,35.8981000,0.000555
043528,20140714,36.2422000,0.009585
043528,20140715,36.3494000,0.002958
043528,20140716,36.4594000,0.003026
043528,20140717,35.8544000,-0.016594
043528,20140718,36.2968000,0.012339
043528,20140721,36.2874000,-0.000259
043528,20140722,36.8197000,0.014669
043528,20140723,36.8405000,0.000565
043528,20140724,37.0429000,0.005494
043528,20140725,37.0958000,0.001428
043528,20140728,36.9242000,-0.004626
043528,20140729,36.6489000,-0.007456
043528,20140730,36.6477000,-0.000033
043528,20140731,36.0539000,-0.016203
043528,20140801,35.9051000,-0.004127
043528,20140804,36.2236000,0.008871
043528,20140805,35.8417000,-0.010543
043528,20140806,35.6752000,-0.004645
043528,20140807,35.4714000,-0.005713
043528,20140808,35.5498000,0.002210
043528,20140811,36.2590000,0.019949
043528,20140812,36.1955000,-0.001751
043528,20140813,36.2693000,0.002039
043528,20140814,36.4918000,0.006135
043528,20140815,36.9790000,0.013351
043528,20140818,37.4537000,0.012837
043528,20140819,37.7548000,0.008039
043528,20140820,37.8249000,0.001857
043528,20140821,37.8219000,-0.000079
043528,20140822,37.5623000,-0.006864
043528,20140825,37.8508000,0.007681
043528,20140826,37.9919000,0.003728
043528,20140827,38.3437000,0.009260
043528,20140828,37.8192000,-0.013679
043528,20140829,37.9793000,0.004233
043528,20140902,38.2960000,0.008339
043528,20140903,39.0609000,0.019973
043528,20140904,38.8153000,-0.006288
043528,20140905,38.9069000,0.002360
043528,20140908,38.4711000,-0.011201
043528,20140909,38.0335000,-0.011375
043528,20140910,37.5650000,-0.012318
043528,20140911,37.4359000,-0.003437
043528,20140912,36.8243000,-0.016337
043528,20140915,36.5427000,-0.007647
043528,20140916,36.8209000,0.007613
043528,20140917,36.7783000,-0.001157
043528,20140918,36.6584000,-0.003260
043528,20140919,36.2418000,-0.011364
043528,20140922,35.5399000,-0.019367
043528,20140923,35.5069000,-0.000929
043528,20140924,35.9209000,0.011660
043528,20140925,35.2390000,-0.018983
043528,20140926,35.4607000,0.006291
043528,20140929,34.4257000,-0.029187
043528,20140930,34.0961000,-0.009574
043528,20141001,33.4668000,-0.018457
043528,20141002,33.5052000,0.001147
043528,20141003,33.9241000,0.012503
043528,20141006,34.8390000,0.026969
043528,20141007,34.8742000,0.001010
043528,20141008,34.8241000,-0.001437
043528,20141009,34.8120000,-0.000347
043528,20141010,33.7888000,-0.029392
043528,20141013,34.5272000,0.021853
043528,20141014,34.5676000,0.001170
043528,20141015,33.9808000,-0.016975
043528,20141016,33.2903000,-0.020320
043528,20141017,33.9756000,0.020586
043528,20141020,33.7350000,-0.007082
043528,20141021,33.5151000,-0.006518
043528,20141022,33.3400000,-0.005225
043528,20141023,32.7738000,-0.016983
043528,20141024,33.3605000,0.017901
043528,20141027,32.6290000,-0.021927
043528,20141028,33.4992000,0.026670
043528,20141029,33.4713000,-0.000833
043528,20141030,34.1458000,0.020152
043528,20141031,34.6326000,0.014257
043528,20141103,34.2367000,-0.011431
043528,20141104,34.2629000,0.000765
043528,20141105,33.9170000,-0.010095
043528,20141106,33.3522000,-0.016652
043528,20141107,33.4018000,0.001487
043528,20141110,33.6889000,0.008595
043528,20141111,33.4761000,-0.006317
043528,20141112,33.6642000,0.005619
043528,20141113,33.0965000,-0.016864
043528,20141114,33.0447000,-0.001565
043528,20141117,32.6972000,-0.010516
043528,20141118,32.8877000,0.005826
043528,20141119,33.0088000,0.003682
043528,20141120,33.1903000,0.005499
043528,20141121,34.3679000,0.035480
043528,20141124,34.4569000,0.002590
043528,20141125,34.2130000,-0.007078
043528,20141126,34.2379000,0.000728
043528,20141128,33.3963000,-0.024581
043528,20141201,32.2994000,-0.032845
043528,20141202,32.0343000,-0.008208
043528,20141203,32.1829000,0.004639
043528,20141204,32.0203000,-0.005052
043528,20141205,31.9406000,-0.002489
043528,20141208,31.1106000,-0.025986
043528,20141209,30.7830000,-0.010530
043528,20141210,30.3569000,-0.013842
043528,20141211,30.0097000,-0.011437
043528,20141212,29.4978000,-0.017058
043528,20141215,28.4564000,-0.035304
043528,20141216,27.5391000,-0.032235
043528,20141217,28.6578000,0.040622
043528,20141218,29.5610000,0.031517
043528,20141219,29.7291000,0.005687
043528,20141222,30.2465000,0.017404
043528,20141223,30.0296000,-0.007171
043528,20141224,29.0538000,0.001905
043528,20141226,29.0152000,-0.001329
043528,20141229,29.0833000,0.002347
043528,20141230,28.9287000,-0.005316
043528,20141231,28.8525000,-0.002634
043528,20150102,28.6035000,-0.008630
043528,20150105,28.2123000,-0.013677
043528,20150106,28.1115000,-0.003573
043528,20150107,28.6107000,0.017758
043528,20150108,29.3554000,0.026029
043528,20150109,29.2462000,-0.003720
043528,20150112,28.7649000,-0.016457
043528,20150113,28.8716000,0.003709
043528,20150114,28.7691000,-0.003550
043528,20150115,28.9802000,0.007338
043528,20150116,29.3902000,0.014148
043528,20150120,29.2652000,-0.004253
043528,20150121,30.0428000,0.026571
043528,20150122,30.5331000,0.016320
043528,20150123,30.4593000,-0.002417
043528,20150126,30.1749000,-0.009337
043528,20150127,30.1192000,-0.001846
043528,20150128,29.6022000,-0.017165
043528,20150129,29.2550000,-0.011729
043528,20150130,28.5756000,-0.023223
043528,20150202,28.8697000,0.010292
043528,20150203,29.4698000,0.020786
043528,20150204,29.4600000,-0.000333
043528,20150205,29.6483000,0.006392
043528,20150206,29.3163000,-0.011198
043528,20150209,29.4412000,0.004260
043528,20150210,29.2270000,-0.007276
043528,20150211,29.0962000,-0.004475
043528,20150212,29.7023000,0.020831
043528,20150213,30.3609000,0.022173
043528,20150217,30.2562000,-0.003449
043528,20150218,30.4749000,0.007228
043528,20150219,30.2327000,-0.007948
043528,20150220,30.2372000,0.000149
043528,20150223,29.8179000,-0.013867
043528,20150224,30.0746000,0.008609
043528,20150225,29.8715000,-0.006753
043528,20150226,30.0461000,0.005845
043528,20150227,30.1190000,0.002426
043528,20150302,30.0134000,-0.003506
043528,20150303,29.8529000,-0.005348
043528,20150304,29.3660000,-0.016310
043528,20150305,29.5039000,0.004696
043528,20150306,29.1152000,-0.013175
043528,20150309,28.5921000,-0.017967
043528,20150310,28.1070000,-0.016966
043528,20150311,27.9413000,-0.005895
043528,20150312,28.0947000,0.005490
043528,20150313,27.6093000,-0.017277
043528,20150316,27.7316000,0.004430
043528,20150317,27.9854000,0.009152
043528,20150318,28.5221000,0.019178
043528,20150319,28.2589000,-0.009228
043528,20150320,28.6166000,0.012658
043528,20150323,28.7710000,0.005395
043528,20150324,28.8123000,0.001435
043528,20150325,28.5582000,-0.008819
043528,20150326,28.2758000,-0.009889
043528,20150327,28.1387000,-0.004849
043528,20150330,28.6214000,0.017154
043528,20150331,28.7038000,0.002879
043528,20150401,29.1120000,0.014221
043528,20150402,29.6139000,0.017240
043528,20150406,29.6975000,0.002823
043528,20150407,29.9069000,0.007051
043528,20150408,30.9339000,0.034340
043528,20150409,31.3945000,0.014890
043528,20150410,31.4150000,0.000653
043528,20150413,31.3641000,-0.001620
043528,20150414,31.3675000,0.000108
043528,20150415,31.6737000,0.009762
043528,20150416,31.8216000,0.004669
043528,20150417,31.3786000,-0.013921
043528,20150420,31.1410000,-0.007572
043528,20150421,31.5476000,0.013057
043528,20150422,31.7257000,0.005645
043528,20150423,32.0575000,0.010458
043528,20150424,32.3999000,0.010681
043528,20150427,32.6407000,0.007432
043528,20150428,32.3953000,-0.007518
043528,20150429,32.1817000,-0.006594
043528,20150430,31.8297000,-0.010938
043528,20150501,31.9466000,0.003673
043528,20150504,32.0399000,0.002920
043528,20150505,32.0804000,0.001264
043528,20150506,31.7976000,-0.008815
043528,20150507,31.5987000,-0.006255
043528,20150508,31.9164000,0.010054
043528,20150511,31.7969000,-0.003744
043528,20150512,31.5490000,-0.007796
043528,20150513,31.6087000,0.001892
043528,20150514,31.7226000,0.003603
043528,20150515,32.0972000,0.011809
043528,20150518,31.7453000,-0.010964
043528,20150519,31.5123000,-0.007340
043528,20150520,31.4037000,-0.003446
043528,20150521,31.3926000,-0.000353
043528,20150522,31.5990000,0.006575
043528,20150526,31.2254000,-0.011823
043528,20150527,31.1651000,-0.001931
043528,20150528,30.6799000,-0.015569
043528,20150529,30.2952000,-0.012539
043528,20150601,30.3784000,0.002746
043528,20150602,30.6075000,0.007542
043528,20150603,30.4439000,-0.005345
043528,20150604,30.0644000,-0.012466
043528,20150605,30.0312000,-0.001104
043528,20150608,30.0307000,-0.000017
043528,20150609,29.9140000,-0.003886
043528,20150610,30.2524000,0.011312
043528,20150611,30.2753000,0.000757
043528,20150612,30.3172000,0.001384
043528,20150615,30.0809000,-0.007794
043528,20150616,30.2276000,0.004877
043528,20150617,30.5011000,0.009048
043528,20150618,30.6424000,0.004633
043528,20150619,30.2716000,-0.012101
043528,20150622,30.5435000,0.008982
043528,20150623,30.7513000,0.006803
043528,20150624,30.5943000,-0.005105
043528,20150625,30.2714000,-0.010554
043528,20150626,30.0536000,-0.007195
043528,20150629,29.5564000,-0.016544
043528,20150630,29.7735000,0.007345
043528,20150701,29.6656000,-0.003624
043528,20150702,29.7652000,0.003357
043528,20150706,28.8461000,-0.030878
043528,20150707,28.4484000,-0.013787
043528,20150708,27.5877000,-0.030255
043528,20150709,28.1601000,0.020748
043528,20150710,28.7643000,0.021456
043528,20150713,29.1515000,0.013461
043528,20150714,29.1061000,-0.001557
043528,20150715,28.9439000,-0.005573
043528,20150716,29.2277000,0.009805
043528,20150717,29.1967000,-0.001061
043528,20150720,28.9755000,-0.007576
043528,20150721,29.2569000,0.009712
043528,20150722,29.0855000,-0.005858
043528,20150723,28.8108000,-0.009445
043528,20150724,28.2743000,-0.018621
043528,20150727,27.4175000,-0.030303
043528,20150728,27.3087000,-0.003968
043528,20150729,27.7006000,0.014351
043528,20150730,27.6754000,-0.000910
043528,20150731,27.7672000,0.003317
043528,20150803,27.3516000,-0.014967
043528,20150804,27.4568000,0.003846
043528,20150805,27.7064000,0.009091
043528,20150806,27.4091000,-0.010730
043528,20150807,27.3095000,-0.003634
043528,20150810,27.7157000,0.014874
043528,20150811,27.1712000,-0.019646
043528,20150812,26.7537000,-0.015366
043528,20150813,26.5954000,-0.005917
043528,20150814,26.7285000,0.005005
043528,20150817,26.5983000,-0.004871
043528,20150818,26.4132000,-0.006959
043528,20150819,26.0249000,-0.014701
043528,20150820,25.5065000,-0.019919
043528,20150821,24.9526000,-0.021716
043528,20150824,23.4906000,-0.058591
043528,20150825,23.8206000,0.014048
043528,20150826,23.9750000,0.006482
043528,20150827,25.2224000,0.052029
043528,20150828,25.2193000,-0.000123
043528,20150831,24.9774000,-0.009592
043528,20150901,24.2506000,-0.029098
043528,20150902,24.2642000,0.000561
043528,20150903,24.5169000,0.010415
043528,20150904,23.8386000,-0.027667
043528,20150908,24.1595000,0.013461
043528,20150909,24.5157000,0.014744
043528,20150910,24.2398000,-0.011254
043528,20150911,24.0512000,-0.007781
043528,20150914,24.2121000,0.006690
043528,20150915,24.2086000,-0.000145
043528,20150916,24.9787000,0.031811
043528,20150917,24.8639000,-0.004596
043528,20150918,24.4651000,-0.016039
043528,20150921,24.2391000,-0.009238
043528,20150922,23.8695000,-0.015248
043528,20150923,23.3861000,-0.020252
043528,20150924,23.4106000,0.001048
043528,20150925,23.5413000,0.005583
043528,20150928,23.0838000,-0.019434
043528,20150929,23.0876000,0.000165
043528,20150930,23.6371000,0.023801
043528,20151001,23.5950000,-0.001781
043528,20151002,24.3064000,0.030150
043528,20151005,24.9243000,0.025421
043528,20151006,24.9713000,0.001886
043528,20151007,25.5940000,0.024937
043528,20151008,25.6064000,0.000484
043528,20151009,25.9936000,0.015121
043528,20151012,25.9420000,-0.001985
043528,20151013,25.4166000,-0.020253
043528,20151014,25.2748000,-0.005579
043528,20151015,25.8668000,0.023423
043528,20151016,25.9842000,0.004539
043528,20151019,25.9876000,0.000131
043528,20151020,25.8860000,-0.003910
043528,20151021,25.4890000,-0.015336
043528,20151022,25.6901000,0.007890
043528,20151023,26.1347000,0.017306
043528,20151026,26.1496000,0.000570
043528,20151027,26.2001000,0.001931
043528,20151028,26.2849000,0.003237
043528,20151029,26.0187000,-0.010127
043528,20151030,26.2171000,0.007625
043528,20151102,26.4852000,0.010226
043528,20151103,26.9004000,0.015677
043528,20151104,27.1358000,0.008751
043528,20151105,26.9727000,-0.006011
043528,20151106,26.6673000,-0.011323
043528,20151109,26.1994000,-0.017546
043528,20151110,26.0793000,-0.004584
043528,20151111,26.0713000,-0.000307
043528,20151112,26.0442000,-0.001039
043528,20151113,25.3745000,-0.025714
043528,20151116,25.6497000,0.010846
043528,20151117,25.8184000,0.006577
043528,20151118,26.0587000,0.009307
043528,20151119,26.3964000,0.012959
043528,20151120,26.7502000,0.013403
043528,20151123,26.7386000,-0.000434
043528,20151124,26.5513000,-0.007005
043528,20151125,26.3574000,-0.007303
043528,20151127,26.0188000,-0.012846
043528,20151130,26.0890000,0.002698
043528,20151201,26.1981000,0.004182
043528,20151202,26.2098000,0.000447
043528,20151203,26.0949000,-0.004384
043528,20151204,26.0745000,-0.000782
043528,20151207,25.8342000,-0.009216
043528,20151208,25.4981000,-0.013010
043528,20151209,25.5304000,0.001267
043528,20151210,25.4131000,-0.004595
043528,20151211,24.7488000,-0.026140
043528,20151214,24.7067000,-0.001701
043528,20151215,25.0761000,0.014951
043528,20151216,25.5085000,0.017244
043528,20151217,25.3226000,-0.007288
043528,20151218,24.8476000,-0.018758
043528,20151221,24.8323000,-0.000616
043528,20151222,25.0237000,0.007708
043528,20151223,25.4029000,0.015154
043528,20151224,24.9390000,0.000768
043528,20151228,24.7622000,-0.007089
043528,20151229,24.8053000,0.001741
043528,20151230,24.3856000,-0.016920
043528,20151231,24.3626000,-0.000943
043528,20160104,23.5368000,-0.033896
043528,20160105,23.6521000,0.004899
043528,20160106,23.3386000,-0.013255
043528,20160107,22.3646000,-0.041733
043528,20160108,22.2906000,-0.003309
043528,20160111,21.9384000,-0.015800
043528,20160112,22.0445000,0.004836
043528,20160113,21.7929000,-0.011413
043528,20160114,22.1035000,0.014252
043528,20160115,21.2358000,-0.039256
043528,20160119,21.4332000,0.009296
043528,20160120,20.8366000,-0.027835
043528,20160121,20.8829000,0.002222
043528,20160122,21.6394000,0.036226
043528,20160125,21.5272000,-0.005185
043528,20160126,21.4004000,-0.005890
043528,20160127,21.5381000,0.006434
043528,20160128,21.6148000,0.003561
043528,20160129,22.3423000,0.033657
043528,20160201,22.1829000,-0.007134
043528,20160202,21.4881000,-0.031321
043528,20160203,21.4554000,-0.001522
043528,20160204,22.0895000,0.029554
043528,20160205,21.6681000,-0.019077
043528,20160208,21.1955000,-0.021811
043528,20160209,20.9425000,-0.011936
043528,20160210,21.1176000,0.008361
043528,20160211,20.4093000,-0.033541
043528,20160212,20.7545000,0.016914
043528,20160216,21.5254000,0.037144
043528,20160217,21.9356000,0.019057
043528,20160218,22.0189000,0.003797
043528,20160219,21.9479000,-0.003225
043528,20160222,22.6591000,0.032404
043528,20160223,22.2582000,-0.017693
043528,20160224,22.0649000,-0.008684
043528,20160225,21.8252000,-0.010863
043528,20160226,22.1237000,0.013677
043528,20160229,22.2507000,0.005740
043528,20160301,22.9893000,0.033194
043528,20160302,23.2585000,0.011710
043528,20160303,23.7621000,0.021652
043528,20160304,24.4052000,0.027064
043528,20160307,24.5031000,0.004011
043528,20160308,24.1109000,-0.016006
043528,20160309,24.2999000,0.007839
043528,20160310,24.3368000,0.001519
043528,20160311,24.8156000,0.019674
043528,20160314,24.6393000,-0.007104
043528,20160315,24.0882000,-0.022367
043528,20160316,24.4135000,0.013505
043528,20160317,25.1815000,0.031458
043528,20160318,25.5185000,0.013383
043528,20160321,25.6557000,0.005376
043528,20160322,25.6383000,-0.000678
043528,20160323,25.1070000,-0.020723
043528,20160324,24.9285000,-0.007110
043528,20160328,25.0764000,0.005933
043528,20160329,25.2119000,0.005403
043528,20160330,25.7088000,0.019709
043528,20160331,25.6481000,-0.002361
043528,20160401,25.6039000,-0.001723
043528,20160404,25.3525000,-0.009819
043528,20160405,24.9410000,-0.016231
043528,20160406,25.0216000,0.003232
043528,20160407,24.8988000,-0.004908
043528,20160408,25.4159000,0.020768
043528,20160411,25.7621000,0.013621
043528,20160412,26.1959000,0.016839
043528,20160413,26.9543000,0.028951
043528,20160414,26.7893000,-0.006121
043528,20160415,26.8202000,0.001153
043528,20160418,26.4808000,-0.012655
043528,20160419,26.9699000,0.018470
043528,20160420,26.9666000,-0.000122
043528,20160421,26.9246000,-0.001557
043528,20160422,26.8418000,-0.003075
043528,20160425,26.4584000,-0.014284
043528,20160426,26.6124000,0.005820
043528,20160427,26.7561000,0.005400
043528,20160428,26.7905000,0.001286
043528,20160429,26.7772000,-0.000496
043528,20160502,26.4793000,-0.011125
043528,20160503,25.7684000,-0.026847
043528,20160504,25.7482000,-0.000784
043528,20160505,25.6957000,-0.002039
043528,20160506,25.6344000,-0.002386
043528,20160509,25.3178000,-0.012351
043528,20160510,25.7022000,0.015183
043528,20160511,25.7340000,0.001237
043528,20160512,25.6543000,-0.003097
043528,20160513,25.1569000,-0.019389
043528,20160516,25.5884000,0.017152
043528,20160517,25.5206000,-0.002650
043528,20160518,25.2668000,-0.009945
043528,20160519,24.8465000,-0.016634
043528,20160520,24.9804000,0.005389
043528,20160523,24.7711000,-0.008379
043528,20160524,25.0550000,0.011461
043528,20160525,25.2045000,0.005967
043528,20160526,25.4396000,0.009328
043528,20160527,25.5945000,0.006089
043528,20160531,25.4743000,-0.004696
043528,20160601,25.3073000,-0.006556
043528,20160602,25.3975000,0.003564
043528,20160603,25.5436000,0.005753
043528,20160606,25.8581000,0.012312
043528,20160607,26.1302000,0.010523
043528,20160608,26.3952000,0.010142
043528,20160609,26.0640000,-0.012548
043528,20160610,25.4347000,-0.024144
043528,20160613,25.1523000,-0.011103
043528,20160614,24.9494000,-0.008067
043528,20160615,25.0908000,0.005667
043528,20160616,24.9420000,-0.005930
043528,20160617,25.0751000,0.005336
043528,20160620,25.5489000,0.018895
043528,20160621,25.6418000,0.003636
043528,20160622,25.7093000,0.002632
043528,20160623,26.1086000,0.015531
043528,20160624,25.1524000,-0.036624
043528,20160627,24.6737000,-0.019032
043528,20160628,25.2468000,0.023227
043528,20160629,25.8553000,0.024102
043528,20160630,26.2143000,0.013885
043528,20160701,26.3690000,0.005901
043528,20160705,26.0614000,-0.011665
043528,20160706,25.8195000,-0.009282
043528,20160707,26.0624000,0.009408
043528,20160708,26.2644000,0.007751
043528,20160711,26.7951000,0.020206
043528,20160712,27.1028000,0.011483
043528,20160713,27.1150000,0.000450
043528,20160714,27.4747000,0.013266
043528,20160715,27.3022000,-0.006279
043528,20160718,27.5788000,0.010131
043528,20160719,27.4323000,-0.005312
043528,20160720,27.5698000,0.005012
043528,20160721,27.5776000,0.000283
043528,20160722,27.5793000,0.000062
043528,20160725,27.4491000,-0.004721
043528,20160726,27.5223000,0.002667
043528,20160727,27.5662000,0.001595
043528,20160728,27.3887000,-0.006439
043528,20160729,27.3146000,-0.002705
043528,20160801,27.3796000,0.002380
043528,20160802,27.1458000,-0.008539
043528,20160803,27.1795000,0.001241
043528,20160804,27.4617000,0.010383
043528,20160805,27.7802000,0.011598
043528,20160808,28.0121000,0.008348
043528,20160809,28.0958000,0.002988
043528,20160810,28.0567000,-0.001392
043528,20160811,28.4077000,0.012510
043528,20160812,28.7763000,0.012975
043528,20160815,29.1491000,0.012955
043528,20160816,29.0511000,-0.003362
043528,20160817,29.0565000,0.000186
043528,20160818,29.0889000,0.001115
043528,20160819,29.1005000,0.000399
043528,20160822,28.7904000,-0.010656
043528,20160823,28.8466000,0.001952
043528,20160824,28.5877000,-0.008975
043528,20160825,28.5359000,-0.001812
043528,20160826,28.6539000,0.004135
043528,20160829,28.7925000,0.004837
043528,20160830,28.8099000,0.000604
043528,20160831,28.6371000,-0.005998
043528,20160901,28.7768000,0.004878
043528,20160902,29.1913000,0.014404
043528,20160906,29.9390000,0.025614
043528,20160907,29.8911000,-0.001600
043528,20160908,29.9856000,0.003161
043528,20160909,29.2445000,-0.024715
043528,20160912,29.2693000,0.000848
043528,20160913,28.7357000,-0.018231
043528,20160914,28.8102000,0.002593
043528,20160915,29.0677000,0.008938
043528,20160916,28.9280000,-0.004806
043528,20160919,29.0737000,0.005037
043528,20160920,29.0596000,-0.000485
043528,20160921,29.6757000,0.021201
043528,20160922,30.0985000,0.014247
043528,20160923,29.8161000,-0.009383
043528,20160926,29.4573000,-0.012034
043528,20160927,29.6294000,0.005842
043528,20160928,29.8269000,0.006666
043528,20160929,29.6000000,-0.007607
043528,20160930,29.4583000,-0.004787
043528,20161003,29.8815000,0.014366
043528,20161004,29.9132000,0.001061
043528,20161005,30.2337000,0.010714
043528,20161006,30.3561000,0.004048
043528,20161007,30.3060000,-0.001650
043528,20161010,30.6592000,0.011654
043528,20161011,30.2806000,-0.012349
043528,20161012,30.1426000,-0.004557
043528,20161013,29.9400000,-0.006721
043528,20161014,30.0599000,0.004005
043528,20161017,30.0574000,-0.000083
043528,20161018,30.5090000,0.015025
043528,20161019,30.5177000,0.000285
043528,20161020,30.6368000,0.003903
043528,20161021,30.7029000,0.002158
043528,20161024,30.9247000,0.007224
043528,20161025,30.8986000,-0.000844
043528,20161026,30.5847000,-0.010159
043528,20161027,30.4430000,-0.004633
043528,20161028,30.3046000,-0.004546
043528,20161031,30.2643000,-0.001330
043528,20161101,29.9810000,-0.009361
043528,20161102,29.4037000,-0.019256
043528,20161103,29.2403000,-0.005557
043528,20161104,29.1578000,-0.002821
043528,20161107,29.9267000,0.026370
043528,20161108,30.0331000,0.003555
043528,20161109,29.6975000,-0.011174
043528,20161110,29.0978000,-0.020194
043528,20161111,28.4835000,-0.021112
043528,20161114,28.0671000,-0.014619
043528,20161115,28.5085000,0.015727
043528,20161116,28.5435000,0.001228
043528,20161117,28.5823000,0.001359
043528,20161118,28.5297000,-0.001840
043528,20161121,28.9407000,0.014406
043528,20161122,29.1698000,0.007916
043528,20161123,29.1277000,-0.001443
043528,20161125,29.1367000,0.000309
043528,20161128,29.3080000,0.005879
043528,20161129,29.0807000,-0.007756
043528,20161130,29.2895000,0.007180
043528,20161201,28.8463000,-0.015132
043528,20161202,28.9110000,0.002243
043528,20161205,29.1360000,0.007783
043528,20161206,29.2659000,0.004458
043528,20161207,29.5273000,0.008932
043528,20161208,29.6801000,0.005175
043528,20161209,29.6842000,0.000138
043528,20161212,29.5976000,-0.002917
043528,20161213,29.8248000,0.007676
043528,20161214,29.4292000,-0.013264
043528,20161215,29.1531000,-0.009382
043528,20161216,28.9924000,-0.005512
043528,20161219,28.7546000,-0.008202
043528,20161220,28.9337000,0.006229
043528,20161221,28.9874000,0.001856
043528,20161222,28.7082000,-0.009632
043528,20161223,28.3723000,0.002619
043528,20161227,28.5212000,0.005248
043528,20161228,28.7412000,0.007714
043528,20161229,28.8816000,0.004885
043528,20161230,28.8416000,-0.001385
043528,20170103,29.4311000,0.020439
043528,20170104,29.5498000,0.004033
043528,20170105,30.0766000,0.017828
043528,20170106,29.8889000,-0.006241
043528,20170109,29.9772000,0.002954
043528,20170110,30.2968000,0.010661
043528,20170111,30.5114000,0.007083
043528,20170112,30.5404000,0.000950
043528,20170113,30.4323000,-0.003540
043528,20170117,30.5156000,0.002737
043528,20170118,30.4527000,-0.002061
043528,20170119,30.4150000,-0.001238
043528,20170120,30.4415000,0.000871
043528,20170123,30.7389000,0.009770
043528,20170124,31.0493000,0.010098
043528,20170125,31.2893000,0.007730
043528,20170126,31.2679000,-0.000684
043528,20170127,31.3545000,0.002770
043528,20170130,31.0020000,-0.011242
043528,20170131,30.9300000,-0.002322
043528,20170201,31.0267000,0.003126
043528,20170202,30.9804000,-0.001492
043528,20170203,31.0972000,0.003770
043528,20170206,31.1203000,0.000743
043528,20170207,31.1167000,-0.000116
043528,20170208,31.3564000,0.007703
043528,20170209,31.3477000,-0.000277
043528,20170210,31.6260000,0.008878
043528,20170213,31.8667000,0.007611
043528,20170214,31.8140000,-0.001654
043528,20170215,32.0030000,0.005941
043528,20170216,31.9914000,-0.000362
043528,20170217,31.7235000,-0.008374
043528,20170221,32.1729000,0.014166
043528,20170222,32.2652000,0.002869
043528,20170223,32.0174000,-0.007680
043528,20170224,31.6285000,-0.012147
043528,20170227,31.5799000,-0.001537
043528,20170228,31.2482000,-0.010504
043528,20170301,31.6211000,0.011933
043528,20170302,31.1659000,-0.014395
043528,20170303,31.3930000,0.007287
043528,20170306,31.2031000,-0.006049
043528,20170307,31.1646000,-0.001234
043528,20170308,30.9463000,-0.007005
043528,20170309,30.5431000,-0.013029
043528,20170310,30.7074000,0.005379
043528,20170313,31.1229000,0.013531
043528,20170314,30.8768000,-0.007907
043528,20170315,31.1429000,0.008618
043528,20170316,31.6037000,0.014796
043528,20170317,31.5176000,-0.002724
043528,20170320,31.8940000,0.011943
043528,20170321,31.2640000,-0.019753
043528,20170322,31.2828000,0.000601
043528,20170323,31.2831000,0.000010
043528,20170324,31.3814000,0.003142
043528,20170327,31.3642000,-0.000548
043528,20170328,31.5099000,0.004645
043528,20170329,31.7689000,0.008220
043528,20170330,31.6673000,-0.003198
043528,20170331,31.5396000,-0.004033
043528,20170403,31.7616000,0.007039
043528,20170404,31.8209000,0.001867
043528,20170405,31.8166000,-0.000135
043528,20170406,31.6692000,-0.004633
043528,20170407,31.6103000,-0.001860
043528,20170410,31.5215000,-0.002809
043528,20170411,31.3287000,-0.006116
043528,20170412,31.2216000,-0.003419
043528,20170413,30.9646000,-0.008231
043528,20170417,31.2935000,0.010622
043528,20170418,31.0994000,-0.006203
043528,20170419,30.9089000,-0.006126
043528,20170420,31.0500000,0.004565
043528,20170421,31.0983000,0.001556
043528,20170424,31.5200000,0.013560
043528,20170425,31.8270000,0.009740
043528,20170426,31.7416000,-0.002683
043528,20170427,31.6939000,-0.001503
043528,20170428,31.7480000,0.001707
043528,20170501,31.8899000,0.004470
043528,20170502,32.0494000,0.005002
043528,20170503,31.8051000,-0.007623
043528,20170504,31.4997000,-0.009602
043528,20170505,31.5949000,0.003022
043528,20170508,31.7867000,0.006071
043528,20170509,32.1424000,0.011190
043528,20170510,32.4852000,0.010665
043528,20170511,32.5639000,0.002423
043528,20170512,32.7190000,0.004763
043528,20170515,33.0710000,0.010758
043528,20170516,33.4398000,0.011152
043528,20170517,32.8146000,-0.018696
043528,20170518,31.4473000,-0.041667
043528,20170519,32.1422000,0.022097
043528,20170522,32.2044000,0.001935
043528,20170523,32.2354000,0.000963
043528,20170524,32.2724000,0.001148
043528,20170525,32.4462000,0.005385
043528,20170526,32.4205000,-0.000792
043528,20170530,32.4159000,-0.000142
043528,20170531,31.9919000,-0.013080
043528,20170601,32.0421000,0.001569
043528,20170602,32.0596000,0.000546
043528,20170605,32.0484000,-0.000349
043528,20170606,32.1315000,0.002593
043528,20170607,32.3147000,0.005702
043528,20170608,32.6867000,0.011512
043528,20170609,32.2061000,-0.014703
043528,20170612,32.0200000,-0.005778
043528,20170613,32.0124000,-0.000237
043528,20170614,31.9557000,-0.001771
043528,20170615,31.4728000,-0.015112
043528,20170616,31.4748000,0.000064
043528,20170619,31.8856000,0.013052
043528,20170620,31.5085000,-0.011827
043528,20170621,31.6733000,0.005230
043528,20170622,31.7013000,0.000884
043528,20170623,31.8612000,0.005044
043528,20170626,32.0464000,0.005813
043528,20170627,31.8343000,-0.006619
043528,20170628,32.0821000,0.007784
043528,20170629,31.9022000,-0.005607
043528,20170630,31.9485000,0.001451
043528,20170703,32.0722000,0.003872
043528,20170705,32.1874000,0.003592
043528,20170706,32.0008000,-0.005797
043528,20170707,31.9807000,-0.000628
043528,20170710,32.3543000,0.011682
043528,20170711,32.6199000,0.008209
043528,20170712,33.1976000,0.017710
043528,20170713,33.2935000,0.002889
043528,20170714,33.6771000,0.011522
043528,20170717,33.6428000,-0.001018
043528,20170718,33.8765000,0.006947
043528,20170719,34.0470000,0.005033
043528,20170720,34.0151000,-0.000937
043528,20170721,33.9353000,-0.002346
043528,20170724,33.9821000,0.001379
043528,20170725,34.0112000,0.000856
043528,20170726,34.3223000,0.009147
043528,20170727,34.2350000,-0.002544
043528,20170728,34.4447000,0.006125
043528,20170731,34.5376000,0.002697
043528,20170801,34.7012000,0.004737
043528,20170802,34.5969000,-0.003006
043528,20170803,34.6832000,0.002494
043528,20170804,34.6882000,0.000144
043528,20170807,35.1828000,0.014258
043528,20170808,35.2525000,0.001981
043528,20170809,35.0863000,-0.004715
043528,20170810,34.3753000,-0.020264
043528,20170811,34.2452000,-0.003785
043528,20170814,34.4842000,0.006979
043528,20170815,34.4624000,-0.000632
043528,20170816,34.7477000,0.008279
043528,20170817,34.4778000,-0.007767
043528,20170818,34.6212000,0.004159
043528,20170821,34.8421000,0.006380
043528,20170822,35.2398000,0.011414
043528,20170823,35.5171000,0.007869
043528,20170824,35.5837000,0.001875
043528,20170825,35.5129000,-0.001990
043528,20170828,35.3208000,-0.005409
043528,20170829,35.3701000,0.001396
043528,20170830,35.7205000,0.009907
043528,20170831,36.0000000,0.007825
043528,20170901,36.2945000,0.008181
043528,20170905,36.1600000,-0.003706
043528,20170906,36.4043000,0.006756
043528,20170907,36.7521000,0.009554
043528,20170908,36.5623000,-0.005164
043528,20170911,37.0162000,0.012414
043528,20170912,37.1671000,0.004077
043528,20170913,37.2730000,0.002849
043528,20170914,37.1644000,-0.002914
043528,20170915,37.2267000,0.001676
043528,20170918,37.4827000,0.006877
043528,20170919,37.3258000,-0.004186
043528,20170920,37.3779000,0.001396
043528,20170921,37.1289000,-0.006662
043528,20170922,37.0251000,-0.002796
043528,20170925,36.3775000,-0.017491
043528,20170926,36.4103000,0.000902
043528,20170927,36.3634000,-0.001288
043528,20170928,36.2483000,-0.003165
043528,20170929,36.5697000,0.008867
043528,20171002,36.6177000,0.001313
043528,20171003,37.0584000,0.012035
043528,20171004,37.0867000,0.000764
043528,20171005,37.1802000,0.002521
043528,20171006,37.1285000,-0.001391
043528,20171009,37.1019000,-0.000716
043528,20171010,37.4519000,0.009433
043528,20171011,37.4806000,0.000766
043528,20171012,37.3541000,-0.003375
043528,20171013,37.7030000,0.009340
043528,20171016,37.8849000,0.004825
043528,20171017,37.5227000,-0.009561
043528,20171018,37.6065000,0.002233
043528,20171019,37.2093000,-0.010562
043528,20171020,37.2483000,0.001048
043528,20171023,36.9501000,-0.008006
043528,20171024,37.1231000,0.004682
043528,20171025,37.0676000,-0.001495
043528,20171026,36.7815000,-0.007718
043528,20171027,36.9778000,0.005337
043528,20171030,37.0413000,0.001717
043528,20171031,37.1723000,0.003537
043528,20171101,37.5098000,0.009079
043528,20171102,37.4574000,-0.001397
043528,20171103,37.3276000,-0.003465
043528,20171106,37.9056000,0.015485
043528,20171107,37.7736000,-0.003482
043528,20171108,37.8815000,0.002856
043528,20171109,37.8419000,-0.001045
043528,20171110,37.7615000,-0.002125
043528,20171113,37.5795000,-0.004820
043528,20171114,36.9797000,-0.015961
043528,20171115,36.8073000,-0.004662
043528,20171116,37.3445000,0.014595
043528,20171117,37.6729000,0.008794
043528,20171120,37.6589000,-0.000372
043528,20171121,38.0993000,0.011694
043528,20171122,38.3418000,0.006365
043528,20171124,38.3800000,0.000996
043528,20171127,38.0111000,-0.009612
043528,20171128,37.9783000,-0.000863
043528,20171129,37.3358000,-0.016918
043528,20171130,36.7355000,-0.016078
043528,20171201,36.6865000,-0.001334
043528,20171204,36.7313000,0.001221
043528,20171205,36.6536000,-0.002115
043528,20171206,36.5641000,-0.002442
043528,20171207,36.5108000,-0.001458
043528,20171208,36.6503000,0.003821
043528,20171211,37.0350000,0.010497
043528,20171212,37.0121000,-0.000618
043528,20171213,37.0541000,0.001135
043528,20171214,36.9517000,-0.002764
043528,20171215,36.9387000,-0.000352
043528,20171218,37.3480000,0.011081
043528,20171219,37.2797000,-0.001829
043528,20171220,37.3580000,0.002100
043528,20171221,37.7229000,0.009768
043528,20171222,37.7703000,0.001257
043528,20171226,37.1227000,-0.000328
043528,20171227,37.2528000,0.003505
043528,20171228,37.2782000,0.000682
043528,20171229,37.3492000,0.001905
043528,20180102,38.3900000,0.027867
043528,20180103,38.5820000,0.005001
043528,20180104,38.9791000,0.010292
043528,20180105,39.3671000,0.009954
043528,20180108,39.5032000,0.003457
043528,20180109,39.5990000,0.002425
043528,20180110,39.5074000,-0.002313
043528,20180111,39.7611000,0.006422
043528,20180112,39.8998000,0.003488
043528,20180116,39.7696000,-0.003263
043528,20180117,40.1377000,0.009256
043528,20180118,40.1748000,0.000924
043528,20180119,40.2534000,0.001956
043528,20180122,40.4724000,0.005441
043528,20180123,40.6085000,0.003363
043528,20180124,41.2706000,0.016304
043528,20180125,41.5982000,0.007938
043528,20180126,41.9811000,0.009205
043528,20180129,41.5988000,-0.009106
043528,20180130,41.1412000,-0.011000
043528,20180131,41.3600000,0.005318
043528,20180201,41.0287000,-0.008010
043528,20180202,40.0905000,-0.022867
043528,20180205,39.2146000,-0.021848
043528,20180206,39.1851000,-0.000752
043528,20180207,38.7230000,-0.011793
043528,20180208,37.6741000,-0.027087
043528,20180209,37.6983000,0.000642
043528,20180212,38.1023000,0.010717
043528,20180213,38.4037000,0.007910
043528,20180214,39.2875000,0.023013
043528,20180215,39.7951000,0.012920
043528,20180216,39.5650000,-0.005782
043528,20180220,39.5993000,0.000867
043528,20180221,39.8574000,0.006518
043528,20180222,40.0028000,0.003648
043528,20180223,40.4563000,0.011337
043528,20180226,40.7276000,0.006706
043528,20180227,40.1567000,-0.014018
043528,20180228,39.6817000,-0.011829
043528,20180301,39.3923000,-0.007293
043528,20180302,39.2001000,-0.004879
043528,20180305,39.2186000,0.000472
043528,20180306,39.5680000,0.008909
043528,20180307,39.3078000,-0.006576
043528,20180308,39.3751000,0.001712
043528,20180309,39.8766000,0.012736
043528,20180312,40.1657000,0.007250
043528,20180313,39.8209000,-0.008584
043528,20180314,39.6594000,-0.004056
043528,20180315,39.6614000,0.000050
043528,20180316,39.5329000,-0.003240
043528,20180319,39.1464000,-0.009777
043528,20180320,39.4277000,0.007186
043528,20180321,39.6108000,0.004644
043528,20180322,38.6751000,-0.023622
043528,20180323,38.2351000,-0.011377
043528,20180326,38.7278000,0.012886
043528,20180327,38.2363000,-0.012691
043528,20180328,37.7732000,-0.012112
043528,20180329,38.4288000,0.017356
043528,20180402,38.0164000,-0.010732
043528,20180403,37.9825000,-0.000892
043528,20180404,37.8431000,-0.003670
043528,20180405,38.2265000,0.010131
043528,20180406,37.8075000,-0.010961
043528,20180409,36.9265000,-0.023302
043528,20180410,37.4857000,0.015144
043528,20180411,37.4328000,-0.001411
043528,20180412,37.7274000,0.007870
043528,20180413,37.1602000,-0.015034
043528,20180416,37.0362000,-0.003337
043528,20180417,37.5148000,0.012922
043528,20180418,38.0819000,0.015117
043528,20180419,38.2119000,0.003414
043528,20180420,37.7923000,-0.010981
043528,20180423,37.5011000,-0.007705
043528,20180424,37.5254000,0.000648
043528,20180425,36.9933000,-0.014180
043528,20180426,37.2979000,0.008234
043528,20180427,37.8512000,0.014835
043528,20180430,37.9156000,0.001701
043528,20180501,37.7845000,-0.003458
043528,20180502,37.6374000,-0.003893
043528,20180503,37.4926000,-0.003847
043528,20180504,37.6205000,0.003411
043528,20180507,37.9317000,0.008272
043528,20180508,37.9375000,0.000153
043528,20180509,38.0760000,0.003651
043528,20180510,38.5983000,0.013717
043528,20180511,38.6957000,0.002523
043528,20180514,38.8896000,0.005011
043528,20180515,38.4924000,-0.010214
043528,20180516,38.7275000,0.006108
043528,20180517,38.3172000,-0.010595
043528,20180518,37.8803000,-0.011402
043528,20180521,37.8742000,-0.000161
043528,20180522,38.0566000,0.004816
043528,20180523,37.6776000,-0.009959
043528,20180524,37.6627000,-0.000395
043528,20180525,37.5948000,-0.001803
043528,20180529,37.1701000,-0.011297
043528,20180530,37.3067000,0.003675
043528,20180531,37.4047000,0.002627
043528,20180601,37.8181000,0.011052
043528,20180604,38.2751000,0.012084
043528,20180605,38.0794000,-0.005113
043528,20180606,38.2594000,0.004727
043528,20180607,37.9032000,-0.009310
043528,20180608,37.8573000,-0.001211
043528,20180611,37.9513000,0.002483
043528,20180612,38.2050000,0.006685
043528,20180613,37.8741000,-0.008661
043528,20180614,37.8117000,-0.001648
043528,20180615,37.5470000,-0.007000
043528,20180618,37.3805000,-0.004434
043528,20180619,36.8117000,-0.015216
043528,20180620,37.1597000,0.009454
043528,20180621,36.7026000,-0.012301
043528,20180622,36.9002000,0.005384
043528,20180625,36.2111000,-0.018675
043528,20180626,36.1454000,-0.001814
043528,20180627,35.5549000,-0.016337
043528,20180628,35.7678000,0.005988
043528,20180629,36.1031000,0.009374
043528,20180702,36.1432000,0.001111
043528,20180703,36.0470000,-0.002662
043528,20180705,36.0650000,0.000499
043528,20180706,36.4902000,0.011790
043528,20180709,37.0124000,0.014311
043528,20180710,37.1806000,0.004544
043528,20180711,36.7195000,-0.012402
043528,20180712,37.0517000,0.009047
043528,20180713,37.0525000,0.000022
043528,20180716,36.9109000,-0.003822
043528,20180717,37.0638000,0.004142
043528,20180718,36.8852000,-0.004819
043528,20180719,36.4555000,-0.011650
043528,20180720,36.7169000,0.007170
043528,20180723,36.7369000,0.000545
043528,20180724,37.0967000,0.009794
043528,20180725,37.7506000,0.017627
043528,20180726,37.4774000,-0.007237
043528,20180727,37.4346000,-0.001142
043528,20180730,37.2779000,-0.004186
043528,20180731,37.2470000,-0.000829
043528,20180801,36.9875000,-0.006967
043528,20180802,36.6190000,-0.009963
043528,20180803,36.8641000,0.006693
043528,20180806,36.7289000,-0.003668
043528,20180807,36.8677000,0.003779
043528,20180808,36.5337000,-0.009059
043528,20180809,36.3417000,-0.005255
043528,20180810,35.7388000,-0.016590
043528,20180813,35.3589000,-0.010630
043528,20180814,35.3324000,-0.000749
043528,20180815,34.6224000,-0.020095
043528,20180816,34.8629000,0.006946
043528,20180817,34.8757000,0.000367
043528,20180820,35.3200000,0.012740
043528,20180821,35.2655000,-0.001543
043528,20180822,35.3709000,0.002989
043528,20180823,34.8441000,-0.014894
043528,20180824,35.1050000,0.007488
043528,20180827,35.7132000,0.017325
043528,20180828,35.7295000,0.000456
043528,20180829,35.7869000,0.001607
043528,20180830,35.2613000,-0.014687
043528,20180831,35.4029000,0.004016
043528,20180904,34.7771000,-0.017677
043528,20180905,34.2158000,-0.016140
043528,20180906,34.2608000,0.001315
043528,20180907,34.4234000,0.004746
043528,20180910,33.9255000,-0.014464
043528,20180911,33.7856000,-0.004124
043528,20180912,34.1573000,0.011002
043528,20180913,34.4892000,0.009717
043528,20180914,34.5871000,0.002839
043528,20180917,34.2813000,-0.008841
043528,20180918,34.4284000,0.004291
043528,20180919,34.9772000,0.015940
043528,20180920,35.3927000,0.011879
043528,20180921,35.3527000,-0.001130
043528,20180924,34.8802000,-0.013365
043528,20180925,35.0768000,0.005636
043528,20180926,35.2684000,0.005462
043528,20180927,35.5139000,0.006961
043528,20180928,35.5523000,0.001081
043528,20181001,35.4167000,-0.003814
043528,20181002,35.3007000,-0.003275
043528,20181003,35.5731000,0.007717
043528,20181004,34.7204000,-0.023970
043528,20181005,34.5342000,-0.005363
043528,20181008,34.7621000,0.006599
043528,20181009,34.7005000,-0.001772
043528,20181010,33.6555000,-0.030115
043528,20181011,33.5835000,-0.002139
043528,20181012,34.4481000,0.025745
043528,20181015,34.2851000,-0.004732
043528,20181016,35.0414000,0.022059
043528,20181017,34.6943000,-0.009905
043528,20181018,33.8343000,-0.024788
043528,20181019,33.8128000,-0.000635
043528,20181022,34.2862000,0.014001
043528,20181023,33.7764000,-0.014869
043528,20181024,32.8424000,-0.027652
043528,20181025,33.4704000,0.019122
043528,20181026,33.4017000,-0.002053
043528,20181029,32.8124000,-0.017643
043528,20181030,33.2750000,0.014098
043528,20181031,33.8629000,0.017668
043528,20181101,34.8034000,0.027774
043528,20181102,34.8390000,0.001023
043528,20181105,34.8243000,-0.000422
043528,20181106,34.8556000,0.000899
043528,20181107,35.2318000,0.010793
043528,20181108,34.6155000,-0.017493
043528,20181109,33.9847000,-0.018223
043528,20181112,33.5217000,-0.013624
043528,20181113,33.7850000,0.007855
043528,20181114,34.0621000,0.008202
043528,20181115,34.8096000,0.021945
043528,20181116,34.8679000,0.001675
043528,20181119,34.6139000,-0.007285
043528,20181120,33.6963000,-0.026510
043528,20181121,34.3383000,0.019053
043528,20181123,33.9005000,-0.012750
043528,20181126,33.9456000,0.001330
043528,20181127,34.2105000,0.007804
043528,20181128,34.9627000,0.021987
043528,20181129,34.8327000,-0.003718
043528,20181130,35.0761000,0.006988
043528,20181203,35.5313000,0.012977
043528,20181204,34.8731000,-0.018525
043528,20181206,34.4912000,-0.010951
043528,20181207,34.2182000,-0.007915
043528,20181210,33.5450000,-0.019674
043528,20181211,33.6541000,0.003252
043528,20181212,34.1521000,0.014798
043528,20181213,34.4042000,0.007382
043528,20181214,33.9722000,-0.012557
043528,20181217,33.4822000,-0.014424
043528,20181218,33.4453000,-0.001102
043528,20181219,32.9407000,-0.015087
043528,20181220,32.9471000,0.000194
043528,20181221,32.2984000,-0.019689
043528,20181224,31.0741000,-0.007290
043528,20181226,31.8595000,0.025275
043528,20181227,31.7896000,-0.002194
043528,20181228,31.9941000,0.006433
043528,20181231,32.0681000,0.002313
